Brand,State,County,Low_MWh_year,High_MWh_year,Note,latitude,longitude
11:11 Systems,AZ,Maricopa,3447.0,5515.0,,33.4484,-112.074
11:11 Systems,MA,Middlesex,1438.0,2300.0,,42.4868,-71.3824
11:11 Systems,CO,Adams,1242.0,1987.0,,39.8747,-104.3339
15894 Valley Boulevard Investors LLC,CA,Los Angeles,33.0,53.0,,34.0522,-118.2437
162 Jefferson,CA,San Mateo,60.0,97.0,,37.563,-122.3255
16633 Ventura LP,CA,Los Angeles,56.0,89.0,,34.0522,-118.2437
17836 Walnut 23 LLC,CA,Los Angeles,61.0,97.0,,34.0522,-118.2437
23 & Me,CA,Santa Clara,59.0,94.0,,37.3541,-121.9552
365 Data Centers,NJ,Bergen,5750.0,9200.0,,39.8283,-98.5795
365 Data Centers,CO,Adams,3068.0,4908.0,,39.8747,-104.3339
365 Data Centers,CA,Sacramento,623.0,996.0,,38.5816,-121.4944
365 Data Centers,NJ,Somerset,625.0,1000.0,,39.8283,-98.5795
365 Data Centers,CA,Los Angeles,75.0,119.0,,34.0522,-118.2437
611 Wilshire Properties,CA,Los Angeles,27.0,43.0,,34.0522,-118.2437
700 Wilshire Properties,CA,Los Angeles,52.0,83.0,,34.0522,-118.2437
Accenture,MA,Essex,2000.0,3200.0,,39.8283,-98.5795
Acorn Technology,CA,Riverside,1610.0,2576.0,,39.8283,-98.5795
Adobe,OR,Washington,4418.0,7068.0,,45.5272,-122.936
ADP,GA,Fulton,2500.0,4000.0,,33.749,-84.388
ADP,IL,Cook,688.0,1100.0,,41.8781,-87.6298
ADP,CA,Los Angeles,404.0,647.0,,34.0522,-118.2437
ADP,CA,Orange,333.0,533.0,,33.7175,-117.8311
ADP,NH,Rockingham,250.0,400.0,,39.8283,-98.5795
Alchemy Communications,CA,Orange,664.0,1062.0,,33.7175,-117.8311
Alexandria Real Estate Equities Inc,CA,San Mateo,278.0,444.0,,37.563,-122.3255
Aligned Data Centers,AZ,Maricopa,137074.0,219319.0,,33.4484,-112.074
Aligned Data Centers,UT,Salt Lake,69563.0,111301.0,,40.7608,-111.891
Aligned Data Centers,VA,Loudoun,69000.0,110400.0,1 of 2 facilities,39.0438,-77.4874
Aligned Data Centers,VA,Loudoun,69000.0,110400.0,1 of 2 facilities,39.0438,-77.4874
Aligned Data Centers,AZ,Maricopa,45685.0,73095.0,,33.4484,-112.074
Aligned Data Centers,AZ,Maricopa,36987.0,59178.0,,33.4484,-112.074
Aligned Data Centers,IL,Cook,37000.0,59200.0,,41.8781,-87.6298
Aligned Data Centers,VA,Loudoun,36500.0,58400.0,,39.0438,-77.4874
Aligned Data Centers,GA,Douglas,36250.0,58000.0,,33.7468,-84.7452
Aligned Data Centers,OR,Washington,31750.0,50800.0,,45.5272,-122.936
Aligned Data Centers,TX,Collin,19517.0,31226.0,,33.1972,-96.6397
Aligned Data Centers,AZ,Maricopa,14647.0,23435.0,,33.4484,-112.074
Aligned Data Centers,UT,Salt Lake,6000.0,9600.0,,40.7608,-111.891
ALLDATA Sollutions,CA,Sacramento,142.0,227.0,,38.5816,-121.4944
AllState,IL,Ogle,1875.0,3000.0,,39.8283,-98.5795
ALOM,CA,Alameda,27.0,43.0,,37.7652,-122.2416
Alpha Technologies,WV,Kanawha,550.0,880.0,,39.8283,-98.5795
Altice USA,CA,Riverside,28.0,45.0,,39.8283,-98.5795
Amazon,MS,Madison,238495.0,381592.0,,39.8283,-98.5795
Amazon,IN,St. Joseph,160875.0,257400.0,,39.8283,-98.5795
Amazon,VA,Loudoun,101350.0,162160.0,1 of 6 facilities,39.0438,-77.4874
Amazon,VA,Loudoun,101350.0,162160.0,1 of 6 facilities,39.0438,-77.4874
Amazon,VA,Loudoun,101350.0,162160.0,1 of 6 facilities,39.0438,-77.4874
Amazon,VA,Loudoun,101350.0,162160.0,1 of 6 facilities,39.0438,-77.4874
Amazon,VA,Loudoun,101350.0,162160.0,1 of 6 facilities,39.0438,-77.4874
Amazon,VA,Loudoun,101350.0,162160.0,1 of 6 facilities,39.0438,-77.4874
Amazon,VA,Loudoun,74313.0,118900.0,1 of 7 facilities,39.0438,-77.4874
Amazon,VA,Loudoun,74313.0,118900.0,1 of 7 facilities,39.0438,-77.4874
Amazon,VA,Loudoun,74313.0,118900.0,1 of 7 facilities,39.0438,-77.4874
Amazon,VA,Loudoun,74313.0,118900.0,1 of 7 facilities,39.0438,-77.4874
Amazon,VA,Loudoun,74313.0,118900.0,1 of 7 facilities,39.0438,-77.4874
Amazon,VA,Loudoun,74313.0,118900.0,1 of 7 facilities,39.0438,-77.4874
Amazon,VA,Loudoun,74313.0,118900.0,1 of 7 facilities,39.0438,-77.4874
Amazon,OH,Franklin,72175.0,115480.0,,39.9612,-82.9988
Amazon,VA,Loudoun,71800.0,114880.0,1 of 6 facilities,39.0438,-77.4874
Amazon,VA,Loudoun,71800.0,114880.0,1 of 6 facilities,39.0438,-77.4874
Amazon,VA,Loudoun,71800.0,114880.0,1 of 6 facilities,39.0438,-77.4874
Amazon,VA,Loudoun,71800.0,114880.0,1 of 6 facilities,39.0438,-77.4874
Amazon,VA,Loudoun,71800.0,114880.0,1 of 6 facilities,39.0438,-77.4874
Amazon,VA,Loudoun,71800.0,114880.0,1 of 6 facilities,39.0438,-77.4874
Amazon,VA,Prince William,68263.0,109220.0,1 of 4 facilities,38.7932,-77.4605
Amazon,VA,Prince William,68263.0,109220.0,1 of 4 facilities,38.7932,-77.4605
Amazon,VA,Prince William,68263.0,109220.0,1 of 4 facilities,38.7932,-77.4605
Amazon,VA,Prince William,68263.0,109220.0,1 of 4 facilities,38.7932,-77.4605
Amazon,VA,Loudoun,66888.0,107020.0,1 of 6 facilities,39.0438,-77.4874
Amazon,VA,Loudoun,66888.0,107020.0,1 of 6 facilities,39.0438,-77.4874
Amazon,VA,Loudoun,66888.0,107020.0,1 of 6 facilities,39.0438,-77.4874
Amazon,VA,Loudoun,66888.0,107020.0,1 of 6 facilities,39.0438,-77.4874
Amazon,VA,Loudoun,66888.0,107020.0,1 of 6 facilities,39.0438,-77.4874
Amazon,VA,Loudoun,66888.0,107020.0,1 of 6 facilities,39.0438,-77.4874
Amazon,OR,Umatilla,66756.0,106810.0,,45.6354,-118.8447
Amazon,OR,Morrow,66769.0,106830.0,,45.4948,-119.5508
Amazon,OR,Morrow,66650.0,106640.0,,45.4948,-119.5508
Amazon,VA,Prince William,66600.0,106560.0,1 of 4 facilities,38.7932,-77.4605
Amazon,VA,Prince William,66600.0,106560.0,1 of 4 facilities,38.7932,-77.4605
Amazon,VA,Prince William,66600.0,106560.0,1 of 4 facilities,38.7932,-77.4605
Amazon,VA,Prince William,66600.0,106560.0,1 of 4 facilities,38.7932,-77.4605
Amazon,OR,Umatilla,66456.0,106330.0,,45.6354,-118.8447
Amazon,OR,Morrow,66269.0,106030.0,,45.4948,-119.5508
Amazon,OR,Umatilla,66381.0,106210.0,,45.6354,-118.8447
Amazon,OR,Morrow,65456.0,104730.0,,45.4948,-119.5508
Amazon,OR,Morrow,65456.0,104730.0,,45.4948,-119.5508
Amazon,OR,Umatilla,65456.0,104730.0,,45.6354,-118.8447
Amazon,VA,Loudoun,65250.0,104400.0,1 of 6 facilities,39.0438,-77.4874
Amazon,VA,Loudoun,65250.0,104400.0,1 of 6 facilities,39.0438,-77.4874
Amazon,VA,Loudoun,65250.0,104400.0,1 of 6 facilities,39.0438,-77.4874
Amazon,VA,Loudoun,65250.0,104400.0,1 of 6 facilities,39.0438,-77.4874
Amazon,VA,Loudoun,65250.0,104400.0,1 of 6 facilities,39.0438,-77.4874
Amazon,VA,Loudoun,65250.0,104400.0,1 of 6 facilities,39.0438,-77.4874
Amazon,OR,Umatilla,64769.0,103630.0,,45.6354,-118.8447
Amazon,VA,Fairfax,64650.0,103440.0,1 of 5 facilities,38.8462,-77.3064
Amazon,VA,Fairfax,64650.0,103440.0,1 of 5 facilities,38.8462,-77.3064
Amazon,VA,Fairfax,64650.0,103440.0,1 of 5 facilities,38.8462,-77.3064
Amazon,VA,Fairfax,64650.0,103440.0,1 of 5 facilities,38.8462,-77.3064
Amazon,VA,Fairfax,64650.0,103440.0,1 of 5 facilities,38.8462,-77.3064
Amazon,VA,Loudoun,61328.0,98125.0,1 of 5 facilities,39.0438,-77.4874
Amazon,VA,Loudoun,61328.0,98125.0,1 of 5 facilities,39.0438,-77.4874
Amazon,VA,Loudoun,61328.0,98125.0,1 of 5 facilities,39.0438,-77.4874
Amazon,VA,Loudoun,61328.0,98125.0,1 of 5 facilities,39.0438,-77.4874
Amazon,VA,Loudoun,61328.0,98125.0,1 of 5 facilities,39.0438,-77.4874
Amazon,VA,Loudoun,59475.0,95160.0,1 of 7 facilities,39.0438,-77.4874
Amazon,VA,Loudoun,59475.0,95160.0,1 of 7 facilities,39.0438,-77.4874
Amazon,VA,Loudoun,59475.0,95160.0,1 of 7 facilities,39.0438,-77.4874
Amazon,VA,Loudoun,59475.0,95160.0,1 of 7 facilities,39.0438,-77.4874
Amazon,VA,Loudoun,59475.0,95160.0,1 of 7 facilities,39.0438,-77.4874
Amazon,VA,Loudoun,59475.0,95160.0,1 of 7 facilities,39.0438,-77.4874
Amazon,VA,Loudoun,59475.0,95160.0,1 of 7 facilities,39.0438,-77.4874
Amazon,VA,Loudoun,59525.0,95240.0,,39.0438,-77.4874
Amazon,VA,Loudoun,59250.0,94800.0,1 of 4 facilities,39.0438,-77.4874
Amazon,VA,Loudoun,59250.0,94800.0,1 of 4 facilities,39.0438,-77.4874
Amazon,VA,Loudoun,59250.0,94800.0,1 of 4 facilities,39.0438,-77.4874
Amazon,VA,Loudoun,59250.0,94800.0,1 of 4 facilities,39.0438,-77.4874
Amazon,VA,Prince William,59075.0,94520.0,1 of 4 facilities,38.7932,-77.4605
Amazon,VA,Prince William,59075.0,94520.0,1 of 4 facilities,38.7932,-77.4605
Amazon,VA,Prince William,59075.0,94520.0,1 of 4 facilities,38.7932,-77.4605
Amazon,VA,Prince William,59075.0,94520.0,1 of 4 facilities,38.7932,-77.4605
Amazon,OH,Franklin,58313.0,93300.0,,39.9612,-82.9988
Amazon,OH,Licking,58313.0,93300.0,,40.0581,-82.4013
Amazon,OH,Franklin,58313.0,93300.0,,39.9612,-82.9988
Amazon,VA,Loudoun,57565.0,92103.0,1 of 3 facilities,39.0438,-77.4874
Amazon,VA,Loudoun,57565.0,92103.0,1 of 3 facilities,39.0438,-77.4874
Amazon,VA,Loudoun,57565.0,92103.0,1 of 3 facilities,39.0438,-77.4874
Amazon,OH,Licking,57325.0,91720.0,,40.0581,-82.4013
Amazon,OR,Morrow,56181.0,89890.0,,45.4948,-119.5508
Amazon,VA,Prince William,55500.0,88800.0,1 of 4 facilities,38.7932,-77.4605
Amazon,VA,Prince William,55500.0,88800.0,1 of 4 facilities,38.7932,-77.4605
Amazon,VA,Prince William,55500.0,88800.0,1 of 4 facilities,38.7932,-77.4605
Amazon,VA,Prince William,55500.0,88800.0,1 of 4 facilities,38.7932,-77.4605
Amazon,VA,Prince William,53750.0,86000.0,1 of 5 facilities,38.7932,-77.4605
Amazon,VA,Prince William,53750.0,86000.0,1 of 5 facilities,38.7932,-77.4605
Amazon,VA,Prince William,53750.0,86000.0,1 of 5 facilities,38.7932,-77.4605
Amazon,VA,Prince William,53750.0,86000.0,1 of 5 facilities,38.7932,-77.4605
Amazon,VA,Prince William,53750.0,86000.0,1 of 5 facilities,38.7932,-77.4605
Amazon,OR,Morrow,52956.0,84730.0,,45.4948,-119.5508
Amazon,VA,Prince William,52963.0,84740.0,1 of 4 facilities,38.7932,-77.4605
Amazon,VA,Prince William,52963.0,84740.0,1 of 4 facilities,38.7932,-77.4605
Amazon,VA,Prince William,52963.0,84740.0,1 of 4 facilities,38.7932,-77.4605
Amazon,VA,Prince William,52963.0,84740.0,1 of 4 facilities,38.7932,-77.4605
Amazon,VA,Prince William,51700.0,82720.0,1 of 5 facilities,38.7932,-77.4605
Amazon,VA,Prince William,51700.0,82720.0,1 of 5 facilities,38.7932,-77.4605
Amazon,VA,Prince William,51700.0,82720.0,1 of 5 facilities,38.7932,-77.4605
Amazon,VA,Prince William,51700.0,82720.0,1 of 5 facilities,38.7932,-77.4605
Amazon,VA,Prince William,51700.0,82720.0,1 of 5 facilities,38.7932,-77.4605
Amazon,PA,Luzerne,48000.0,76800.0,,39.8283,-98.5795
Amazon,VA,Loudoun,44000.0,70400.0,1 of 4 facilities,39.0438,-77.4874
Amazon,VA,Loudoun,44000.0,70400.0,1 of 4 facilities,39.0438,-77.4874
Amazon,VA,Loudoun,44000.0,70400.0,1 of 4 facilities,39.0438,-77.4874
Amazon,VA,Loudoun,44000.0,70400.0,1 of 4 facilities,39.0438,-77.4874
Amazon,VA,Fairfax,40575.0,64920.0,1 of 4 facilities,38.8462,-77.3064
Amazon,VA,Fairfax,40575.0,64920.0,1 of 4 facilities,38.8462,-77.3064
Amazon,VA,Fairfax,40575.0,64920.0,1 of 4 facilities,38.8462,-77.3064
Amazon,VA,Fairfax,40575.0,64920.0,1 of 4 facilities,38.8462,-77.3064
Amazon,VA,Loudoun,39750.0,63600.0,1 of 3 facilities,39.0438,-77.4874
Amazon,VA,Loudoun,39750.0,63600.0,1 of 3 facilities,39.0438,-77.4874
Amazon,VA,Loudoun,39750.0,63600.0,1 of 3 facilities,39.0438,-77.4874
Amazon,VA,Loudoun,36500.0,58400.0,1 of 3 facilities,39.0438,-77.4874
Amazon,VA,Loudoun,36500.0,58400.0,1 of 3 facilities,39.0438,-77.4874
Amazon,VA,Loudoun,36500.0,58400.0,1 of 3 facilities,39.0438,-77.4874
Amazon,VA,Loudoun,35750.0,57200.0,1 of 3 facilities,39.0438,-77.4874
Amazon,VA,Loudoun,35750.0,57200.0,1 of 3 facilities,39.0438,-77.4874
Amazon,VA,Loudoun,35750.0,57200.0,1 of 3 facilities,39.0438,-77.4874
Amazon,VA,Loudoun,33800.0,54080.0,1 of 3 facilities,39.0438,-77.4874
Amazon,VA,Loudoun,33800.0,54080.0,1 of 3 facilities,39.0438,-77.4874
Amazon,VA,Loudoun,33800.0,54080.0,1 of 3 facilities,39.0438,-77.4874
Amazon,VA,Prince William,33125.0,53000.0,1 of 3 facilities,38.7932,-77.4605
Amazon,VA,Prince William,33125.0,53000.0,1 of 3 facilities,38.7932,-77.4605
Amazon,VA,Prince William,33125.0,53000.0,1 of 3 facilities,38.7932,-77.4605
Amazon,VA,Prince William,30375.0,48600.0,1 of 2 facilities,38.7932,-77.4605
Amazon,VA,Prince William,30375.0,48600.0,1 of 2 facilities,38.7932,-77.4605
Amazon,VA,Loudoun,28500.0,45600.0,1 of 2 facilities,39.0438,-77.4874
Amazon,VA,Loudoun,28500.0,45600.0,1 of 2 facilities,39.0438,-77.4874
Amazon,VA,Loudoun,28500.0,45600.0,1 of 2 facilities,39.0438,-77.4874
Amazon,VA,Loudoun,28500.0,45600.0,1 of 2 facilities,39.0438,-77.4874
Amazon,VA,Prince William,26300.0,42080.0,1 of 2 facilities,38.7932,-77.4605
Amazon,VA,Prince William,26300.0,42080.0,1 of 2 facilities,38.7932,-77.4605
Amazon,OR,Morrow,25331.0,40530.0,,45.4948,-119.5508
Amazon,VA,Loudoun,24500.0,39200.0,1 of 2 facilities,39.0438,-77.4874
Amazon,VA,Loudoun,24500.0,39200.0,1 of 2 facilities,39.0438,-77.4874
Amazon,VA,Loudoun,23800.0,38080.0,1 of 2 facilities,39.0438,-77.4874
Amazon,VA,Loudoun,23800.0,38080.0,1 of 2 facilities,39.0438,-77.4874
Amazon,VA,Loudoun,22500.0,36000.0,,39.0438,-77.4874
Amazon,VA,Culpeper,21650.0,34640.0,,39.8283,-98.5795
Amazon,VA,Loudoun,20994.0,33590.0,1 of 2 facilities,39.0438,-77.4874
Amazon,VA,Loudoun,20994.0,33590.0,1 of 2 facilities,39.0438,-77.4874
Amazon,VA,Prince William,18800.0,30080.0,1 of 3 facilities,38.7932,-77.4605
Amazon,VA,Prince William,18800.0,30080.0,1 of 3 facilities,38.7932,-77.4605
Amazon,VA,Prince William,18800.0,30080.0,1 of 3 facilities,38.7932,-77.4605
Amazon,VA,Loudoun,18600.0,29760.0,,39.0438,-77.4874
Amazon,VA,Fairfax,18525.0,29640.0,,38.8462,-77.3064
Amazon,VA,Loudoun,14900.0,23840.0,,39.0438,-77.4874
Amazon,CA,Santa Clara,13687.0,21899.0,,37.3541,-121.9552
Amazon,CA,Alameda,13590.0,21743.0,,37.7652,-122.2416
Amazon,OH,Union,12563.0,20100.0,,39.8283,-98.5795
Amazon,CO,Arapahoe,11614.0,18582.0,,39.6433,-104.3005
Amazon,VA,Culpeper,11625.0,18600.0,,39.8283,-98.5795
Amazon,IN,Porter,10869.0,17390.0,,39.8283,-98.5795
Amazon,VA,Fairfax,9500.0,15200.0,,38.8462,-77.3064
Amazon,MD,Howard,8900.0,14240.0,,39.8283,-98.5795
Amazon,MD,Howard,8900.0,14240.0,,39.8283,-98.5795
Amazon,MD,Anne Arundel,8900.0,14240.0,,39.8283,-98.5795
Amazon,TX,Bexar,8900.0,14240.0,,29.4241,-98.4936
Amazon,TX,Bexar,8900.0,14240.0,,29.4241,-98.4936
Amazon,TX,Bexar,8900.0,14240.0,,29.4241,-98.4936
Amazon,VA,Fauquier,8875.0,14200.0,,39.8283,-98.5795
Amazon,VA,Fairfax,6275.0,10040.0,,38.8462,-77.3064
Amazon,CA,Santa Clara,4742.0,7588.0,,37.3541,-121.9552
Amazon,TX,Dallas,4563.0,7300.0,,32.7767,-96.797
Amazon,VA,Fairfax,4213.0,6740.0,,38.8462,-77.3064
Amazon,CA,San Bernardino,2699.0,4319.0,,39.8283,-98.5795
Amazon,GA,Forsyth,1400.0,2240.0,,39.8283,-98.5795
Amazon,CA,Alameda,578.0,924.0,,37.7652,-122.2416
Amazon,CA,Orange,93.0,149.0,,33.7175,-117.8311
Amazon,CA,Orange,62.0,99.0,,33.7175,-117.8311
Amazon,CA,Orange,23.0,36.0,,33.7175,-117.8311
Amazon,CA,Los Angeles,57.0,91.0,,34.0522,-118.2437
American Express,AZ,Maricopa,3625.0,5800.0,,33.4484,-112.074
American Honda Motor Company,CO,Boulder,545.0,872.0,,39.8283,-98.5795
American Medical Response,CA,San Joaquin,50.0,80.0,,39.8283,-98.5795
Apple,IA,Dallas,,,not disclosed,39.8283,-98.5795
Apple,NC,Catawba,55875.0,89400.0,,35.6918,-81.2151
Apple,AZ,Maricopa,46553.0,74485.0,,33.4484,-112.074
Apple,OR,Crook,21750.0,34800.0,,39.8283,-98.5795
Apple,CA,Los Angeles,65.0,103.0,,34.0522,-118.2437
Apple,CA,Los Angeles,59.0,94.0,,34.0522,-118.2437
Ark Data Centers,AZ,Pima,500.0,800.0,,32.2217,-110.9265
Ark Data Centers,OH,Stark,375.0,600.0,,39.8283,-98.5795
Armstrong Energy Corporation,KS,Edwards,758.0,1213.0,,39.8283,-98.5795
Ascent,GA,Fulton,4375.0,7000.0,,33.749,-84.388
Ascent,IL,Cook,3188.0,5100.0,,41.8781,-87.6298
AT&T,GA,Fulton,4000.0,6400.0,,33.749,-84.388
AT&T,GA,Fulton,3256.0,5210.0,,33.749,-84.388
AT&T,GA,Fulton,2438.0,3900.0,,33.749,-84.388
AT&T,CA,San Mateo,1913.0,3062.0,,37.563,-122.3255
AT&T,CA,San Francisco,1594.0,2550.0,,37.7749,-122.4194
AT&T,GA,Fulton,901.0,1442.0,,33.749,-84.388
AT&T,GA,Fulton,438.0,700.0,,33.749,-84.388
AT&T,GA,Fulton,25.0,40.0,,33.749,-84.388
Avnet,CA,Santa Clara,226.0,362.0,,37.3541,-121.9552
Bacall Group,MI,Oakland,750.0,1200.0,,39.8283,-98.5795
Barclays Capital,NJ,Middlesex,4050.0,6480.0,,40.4862,-74.4518
BlackRock,WA,Douglas,1875.0,3000.0,,39.8283,-98.5795
Bloomberg,NY,Rockland,,,not disclosed,39.8283,-98.5795
Bloomberg,NJ,Middlesex,3875.0,6200.0,,40.4862,-74.4518
Bloomberg,NJ,Passaic,3750.0,6000.0,,40.8587,-74.2282
Blue Cross Blue Shield,IL,Lake,2000.0,3200.0,,39.8283,-98.5795
Blue Cross Blue Shield,UT,Salt Lake,750.0,1200.0,,40.7608,-111.891
Bonafide Medical Group,CA,Ventura,29.0,47.0,,39.8283,-98.5795
Bracket Global LLC,CA,San Francisco,305.0,488.0,,37.7749,-122.4194
Cabela's Wholesale,NE,Sarpy,823.0,1316.0,,41.1175,-96.0422
California Legislative Counsel,CA,Sacramento,282.0,450.0,,38.5816,-121.4944
Capital One,VA,Henrico,3561.0,5698.0,1 of 3 facilities,37.5407,-77.436
Capital One,VA,Henrico,3561.0,5698.0,1 of 3 facilities,37.5407,-77.436
Capital One,VA,Henrico,3561.0,5698.0,1 of 3 facilities,37.5407,-77.436
Cardinal Energy,VA,Frederick,3728.0,5964.0,,39.8283,-98.5795
Care Mark,AZ,Maricopa,2179.0,3486.0,,33.4484,-112.074
Carinet Inc,CA,San Diego,414.0,662.0,,32.7157,-117.1611
Carter Funds,AZ,Pima,4814.0,7703.0,,32.2217,-110.9265
Cast & Crew,IA,Dallas,1125.0,1800.0,,39.8283,-98.5795
Catholic Health Initiative,CO,Denver,500.0,800.0,,39.7392,-104.9903
CBRE,AZ,Maricopa,3030.0,4848.0,,33.4484,-112.074
CBRE,CA,Orange,33.0,52.0,,33.7175,-117.8311
CBS,CA,San Francisco,141.0,225.0,,37.7749,-122.4194
Centersquare,NJ,Secaucus,,,not disclosed,39.8283,-98.5795
Centersquare,VA,Loudoun,11000.0,17600.0,1 of 3 facilities,39.0438,-77.4874
Centersquare,VA,Loudoun,11000.0,17600.0,1 of 3 facilities,39.0438,-77.4874
Centersquare,VA,Loudoun,11000.0,17600.0,1 of 3 facilities,39.0438,-77.4874
Centersquare,NJ,Hudson,10524.0,16838.0,,40.7434,-74.0324
Centersquare,IL,DuPage,8250.0,13200.0,,41.85,-88.0834
Centersquare,IL,Cook,7305.0,11688.0,,41.8781,-87.6298
Centersquare,CA,Orange,6942.0,11107.0,,33.7175,-117.8311
Centersquare,CA,Santa Clara,6169.0,9870.0,,37.3541,-121.9552
Centersquare,VA,Loudoun,6000.0,9600.0,,39.0438,-77.4874
Centersquare,MA,Middlesex,5442.0,8708.0,,42.4868,-71.3824
Centersquare,CO,Douglas,5380.0,8608.0,,39.8283,-98.5795
Centersquare,VA,Loudoun,5250.0,8400.0,,39.0438,-77.4874
Centersquare,IL,DuPage,5102.0,8163.0,,41.85,-88.0834
Centersquare,CA,Orange,4312.0,6899.0,,33.7175,-117.8311
Centersquare,CA,Santa Clara,4388.0,7020.0,,37.3541,-121.9552
Centersquare,NJ,Middlesex,4375.0,7000.0,,40.4862,-74.4518
Centersquare,CA,Santa Clara,4031.0,6450.0,,37.3541,-121.9552
Centersquare,CA,Santa Clara,3720.0,5951.0,,37.3541,-121.9552
Centersquare,GA,Douglas,3688.0,5900.0,,33.7468,-84.7452
Centersquare,AZ,Maricopa,3205.0,5128.0,,33.4484,-112.074
Centersquare,FL,HIllsborough,2625.0,4200.0,,39.8283,-98.5795
Centersquare,AZ,Maricopa,2186.0,3497.0,,33.4484,-112.074
Centersquare,CO,Douglas,2069.0,3311.0,,39.8283,-98.5795
Centersquare,CO,Arapahoe,2083.0,3332.0,,39.6433,-104.3005
Centersquare,CA,Santa Clara,1793.0,2869.0,,37.3541,-121.9552
Centersquare,OH,Delaware,1875.0,3000.0,,39.8283,-98.5795
Centersquare,VA,Loudoun,1500.0,2400.0,,39.0438,-77.4874
Centersquare,NJ,Hudson,1288.0,2060.0,,40.7434,-74.0324
Centersquare,CA,Santa Clara,987.0,1578.0,,37.3541,-121.9552
Centersquare,CA,Santa Clara,1072.0,1716.0,,37.3541,-121.9552
Centersquare,MA,Middlesex,1000.0,1600.0,,42.4868,-71.3824
Centersquare,CA,Los Angeles,536.0,858.0,,34.0522,-118.2437
Cerulean Global,CA,Santa Clara,1035.0,1655.0,,37.3541,-121.9552
Charles Schwab,AZ,Maricopa,2500.0,4000.0,,33.4484,-112.074
Chirisa Technology Parks,VA,Chesterfield,9750.0,15600.0,,39.8283,-98.5795
Christiana Care Health Services,DE,New Castle,375.0,600.0,,39.8283,-98.5795
Cisco,CA,San Jose,2757.0,4411.0,,39.8283,-98.5795
Cisco,CA,Santa Clara,2429.0,3887.0,,37.3541,-121.9552
Cisco,VA,Fairfax,437.0,698.0,,38.8462,-77.3064
Citigroup,TX,Denton,5000.0,8000.0,,39.8283,-98.5795
Citrix Systems International,CA,Santa Barbara,141.0,225.0,,39.8283,-98.5795
City National Bank,CA,Los Angeles,531.0,850.0,,34.0522,-118.2437
CLOP Olathe KS LLC,KS,Johnson,4625.0,7400.0,,39.8283,-98.5795
CloudHQ,VA,Loudoun,142524.0,228038.0,1 of 3 facilities,39.0438,-77.4874
CloudHQ,VA,Loudoun,142524.0,228038.0,1 of 3 facilities,39.0438,-77.4874
CloudHQ,VA,Loudoun,142524.0,228038.0,1 of 3 facilities,39.0438,-77.4874
CloudHQ,VA,Loudoun,78500.0,125600.0,,39.0438,-77.4874
CloudHQ,VA,Prince William,74500.0,119200.0,1 of 3 facilities,38.7932,-77.4605
CloudHQ,VA,Prince William,74500.0,119200.0,1 of 3 facilities,38.7932,-77.4605
CloudHQ,VA,Prince William,74500.0,119200.0,1 of 3 facilities,38.7932,-77.4605
CloudHQ,VA,Prince William,42000.0,67200.0,,38.7932,-77.4605
CloudHQ,IL,Cook,12809.0,20494.0,,41.8781,-87.6298
CloudHQ,VA,Prince William,11500.0,18400.0,,38.7932,-77.4605
Cogent,GA,Fulton,2484.0,3974.0,,33.749,-84.388
Cogent,MO,Jackson,2000.0,3200.0,,39.8283,-98.5795
Cogent,MD,Howard,1688.0,2700.0,,39.8283,-98.5795
Cogent,CA,Orange,1242.0,1986.0,,33.7175,-117.8311
Cogent,CA,Los Angeles,1038.0,1661.0,,34.0522,-118.2437
Cogent,DC,District of Columbia,759.0,1214.0,,39.8283,-98.5795
Cogent,CA,Los Angeles,545.0,872.0,,34.0522,-118.2437
Cogent,CA,San Bernardino,414.0,662.0,,39.8283,-98.5795
Cogent,CA,Los Angeles,375.0,600.0,,34.0522,-118.2437
Cogent,CA,San Diego,212.0,338.0,,32.7157,-117.1611
Cogent,MA,Hampden,188.0,300.0,,39.8283,-98.5795
Cogent,CA,Los Angeles,70.0,112.0,,34.0522,-118.2437
Cogent,CA,Orange,17.0,28.0,,33.7175,-117.8311
Cologix,VA,Loudoun,38250.0,61200.0,,39.0438,-77.4874
Cologix,OH,Franklin,12375.0,19800.0,,39.9612,-82.9988
Cologix,OH,Franklin,6750.0,10800.0,,39.9612,-82.9988
Cologix,CA,Santa Clara,3732.0,5971.0,,37.3541,-121.9552
Cologix,NJ,Morris,450.0,720.0,,39.8283,-98.5795
Cologix,NJ,Morris,375.0,600.0,,39.8283,-98.5795
Cologix,NJ,Morris,75.0,120.0,,39.8283,-98.5795
Coloswitch,CA,Los Angeles,141.0,226.0,,34.0522,-118.2437
Comarch,AZ,Maricopa,682.0,1091.0,,33.4484,-112.074
Comcast,VA,Prince William,13047.0,20874.0,,38.7932,-77.4605
Compass Datacenters,AZ,Maricopa,,,not disclosed,33.4484,-112.074
Compass Datacenters,TX,Ellis,212800.0,340480.0,,39.8283,-98.5795
Compass Datacenters,AZ,Maricopa,154500.0,247200.0,,33.4484,-112.074
Compass Datacenters,VA,Loudoun,40000.0,64000.0,1 of 4 facilities,39.0438,-77.4874
Compass Datacenters,VA,Loudoun,40000.0,64000.0,1 of 4 facilities,39.0438,-77.4874
Compass Datacenters,VA,Loudoun,40000.0,64000.0,1 of 4 facilities,39.0438,-77.4874
Compass Datacenters,VA,Loudoun,40000.0,64000.0,1 of 4 facilities,39.0438,-77.4874
Computer Services Inc,CA,Yolo,38.0,60.0,,39.8283,-98.5795
Computershare,CO,Arapahoe,1118.0,1789.0,,39.6433,-104.3005
Congruity 360,MA,Bristol,1000.0,1600.0,,39.8283,-98.5795
Conscious Capital,CA,Sacramento,1540.0,2464.0,,38.5816,-121.4944
Consolidated Communications,NH,Hillsborough,1227.0,1962.0,,39.8283,-98.5795
Consolidated Communications,NH,Belknap,300.0,480.0,,39.8283,-98.5795
Continent 8,NJ,Atlantic,500.0,800.0,,39.8283,-98.5795
Contractor's Register Inc,NY,Westchester,543.0,869.0,,41.122,-73.7949
Cooper Standard,IN,DeKalb,283.0,453.0,,39.8283,-98.5795
COPT Defense Properties,VA,Fairfax,3250.0,5200.0,,38.8462,-77.3064
COPT Defense Properties,VA,Chesterfield,1875.0,3000.0,,39.8283,-98.5795
COPT Defense Properties,VA,Russell,1125.0,1800.0,,39.8283,-98.5795
Cordiant Digital Infrastructure Limited,NY,New York,4360.0,6977.0,,40.7128,-74.006
CoreSite,VA,Fairfax,355559.0,568894.0,,38.8462,-77.3064
CoreSite,VA,Fairfax,23495.0,37592.0,,38.8462,-77.3064
CoreSite,CA,Los Angeles,12478.0,19965.0,,34.0522,-118.2437
CoreSite,CO,Denver,11375.0,18200.0,,39.7392,-104.9903
CoreSite,CA,Santa Clara,8822.0,14115.0,,37.3541,-121.9552
CoreSite,NJ,Hudson,5625.0,9000.0,,40.7434,-74.0324
CoreSite,MA,Middlesex,5227.0,8362.0,,42.4868,-71.3824
CoreSite,FL,Miami-Dade,3500.0,5600.0,,39.8283,-98.5795
CoreSite,CA,Santa Clara,3267.0,5228.0,,37.3541,-121.9552
CoreSite,CA,Santa Clara,2721.0,4354.0,,37.3541,-121.9552
CoreSite,NY,New York,2294.0,3670.0,,40.7128,-74.006
CoreSite,CA,Santa Clara,2190.0,3504.0,,37.3541,-121.9552
CoreSite,IL,Cook,2000.0,3200.0,,41.8781,-87.6298
CoreSite,FL,Orange,2100.0,3360.0,,39.8283,-98.5795
CoreSite,CA,Santa Clara,1338.0,2140.0,,37.3541,-121.9552
CoreSite,CO,Denver,684.0,1094.0,,39.7392,-104.9903
CoreSite,DC,District of Columbia,684.0,1094.0,,39.8283,-98.5795
CoreWeave,TX,Collin,6875.0,11000.0,,33.1972,-96.6397
Corscale Data Centers,VA,Prince William,178325.0,285320.0,1 of 6 facilities,38.7932,-77.4605
Corscale Data Centers,VA,Prince William,178325.0,285320.0,1 of 6 facilities,38.7932,-77.4605
Corscale Data Centers,VA,Prince William,178325.0,285320.0,1 of 6 facilities,38.7932,-77.4605
Corscale Data Centers,VA,Prince William,178325.0,285320.0,1 of 6 facilities,38.7932,-77.4605
Corscale Data Centers,VA,Prince William,178325.0,285320.0,1 of 6 facilities,38.7932,-77.4605
Corscale Data Centers,VA,Prince William,178325.0,285320.0,1 of 6 facilities,38.7932,-77.4605
Cottage Health,CA,Santa Barbara,750.0,1200.0,,39.8283,-98.5795
Cox Communications,AZ,Maricopa,1003.0,1605.0,,33.4484,-112.074
Cox Communications,AZ,Maricopa,503.0,805.0,,33.4484,-112.074
Crown Castle Fiber,CA,Los Angeles,141.0,225.0,,34.0522,-118.2437
Crusoe Energy,ND,Williams,23303.0,37285.0,,39.8283,-98.5795
Crusoe Energy,UT,Duchesne,5956.0,9529.0,,39.8283,-98.5795
Crusoe Energy,MT,Richland,4597.0,7355.0,,39.8283,-98.5795
Crusoe Energy,MT,Richland,4597.0,7355.0,,39.8283,-98.5795
Crusoe Energy,MT,Richland,4202.0,6724.0,,39.8283,-98.5795
Crusoe Energy,MT,Richland,2418.0,3869.0,,39.8283,-98.5795
Crusoe Energy,MT,Richland,2418.0,3869.0,,39.8283,-98.5795
Crusoe Energy,MT,Richland,1864.0,2983.0,,39.8283,-98.5795
Crusoe Energy,CO,Jackson,1600.0,2559.0,,39.8283,-98.5795
CSG International,NE,Douglas,343.0,548.0,,41.2565,-95.9345
CSL Limited,PA,Montgomery,698.0,1116.0,,39.8283,-98.5795
CT Corporation System,CA,Los Angeles,4621.0,7394.0,,34.0522,-118.2437
CyrusOne,VA,Loudoun,57250.0,91600.0,,39.0438,-77.4874
CyrusOne,VA,Loudoun,53938.0,86300.0,,39.0438,-77.4874
CyrusOne,AZ,Maricopa,53343.0,85349.0,,33.4484,-112.074
CyrusOne,IL,DuPage,52813.0,84500.0,,41.85,-88.0834
CyrusOne,TX,Harris,39824.0,63718.0,,29.7604,-95.3698
CyrusOne,TX,Harris,38033.0,60852.0,1 of 2 facilities,29.7604,-95.3698
CyrusOne,TX,Harris,38033.0,60852.0,1 of 2 facilities,29.7604,-95.3698
CyrusOne,TX,Denton,25665.0,41064.0,,39.8283,-98.5795
CyrusOne,WA,Grant,22875.0,36600.0,,47.2087,-119.4094
CyrusOne,VA,Loudoun,21563.0,34500.0,,39.0438,-77.4874
CyrusOne,TX,Bexar,20660.0,33055.0,,29.4241,-98.4936
CyrusOne,OH,Warren,18182.0,29091.0,,39.8283,-98.5795
CyrusOne,CA,Santa Clara,17502.0,28004.0,,37.3541,-121.9552
CyrusOne,TX,Bexar,16500.0,26400.0,,29.4241,-98.4936
CyrusOne,TX,Bexar,13489.0,21582.0,,29.4241,-98.4936
CyrusOne,NJ,Somerset,13438.0,21500.0,,39.8283,-98.5795
CyrusOne,TX,Collin,12286.0,19657.0,,33.1972,-96.6397
CyrusOne,VA,Loudoun,12281.0,19650.0,,39.0438,-77.4874
CyrusOne,TX,Travis,11057.0,17691.0,,30.2672,-97.7431
CyrusOne,IA,Pottawattamie,10621.0,16993.0,,41.2619,-95.8608
CyrusOne,TX,Denton,10615.0,16983.0,,39.8283,-98.5795
CyrusOne,TX,Dallas,10617.0,16986.0,,32.7767,-96.797
CyrusOne,KY,Boone,9165.0,14664.0,,39.8283,-98.5795
CyrusOne,TX,Travis,8558.0,13692.0,,30.2672,-97.7431
CyrusOne,VA,Loudoun,6500.0,10400.0,,39.0438,-77.4874
CyrusOne,VA,Loudoun,6500.0,10400.0,,39.0438,-77.4874
CyrusOne,TX,Bexar,4575.0,7320.0,,29.4241,-98.4936
CyrusOne,OH,Butler,2700.0,4320.0,,39.8283,-98.5795
CyrusOne,NJ,Passaic,2500.0,4000.0,,40.8587,-74.2282
CyrusOne,OH,Warren,1100.0,1760.0,,39.8283,-98.5795
CyrusOne,NJ,Passaic,200.0,320.0,,40.8587,-74.2282
DakotaCom.Net,AZ,Pima,109.0,174.0,,32.2217,-110.9265
Data Canopy,DE,New Castle,766.0,1226.0,,39.8283,-98.5795
Data Canopy,DE,New Castle,625.0,1000.0,,39.8283,-98.5795
Data Point,MD,Baltimore City,900.0,1440.0,,39.8283,-98.5795
Data Recognition Corporation,MN,Hennepin,250.0,400.0,,44.9778,-93.265
Data Recognition Corporation,MN,Hennepin,150.0,240.0,,44.9778,-93.265
DataBank,UT,Salt Lake,27347.0,43754.0,1 of 5 facilities,40.7608,-111.891
DataBank,UT,Salt Lake,27347.0,43754.0,1 of 5 facilities,40.7608,-111.891
DataBank,UT,Salt Lake,27347.0,43754.0,1 of 5 facilities,40.7608,-111.891
DataBank,UT,Salt Lake,27347.0,43754.0,1 of 5 facilities,40.7608,-111.891
DataBank,UT,Salt Lake,27347.0,43754.0,1 of 5 facilities,40.7608,-111.891
DataBank,VA,Loudoun,19500.0,31200.0,1 of 2 facilities,39.0438,-77.4874
DataBank,VA,Loudoun,19500.0,31200.0,1 of 2 facilities,39.0438,-77.4874
DataBank,GA,Fulton,18500.0,29600.0,,33.749,-84.388
DataBank,NY,Rockland,13813.0,22100.0,,39.8283,-98.5795
DataBank,IL,DuPage,6690.0,10704.0,,41.85,-88.0834
DataBank,TX,Harris,6238.0,9980.0,,29.7604,-95.3698
DataBank,MN,Hennepin,4063.0,6500.0,,44.9778,-93.265
DataBank,CA,Orange,3823.0,6117.0,,33.7175,-117.8311
DataBank,IN,Marion,3285.0,5256.0,,39.8283,-98.5795
DataBank,GA,Fulton,3125.0,5000.0,,33.749,-84.388
DataBank,GA,Fulton,3000.0,4800.0,,33.749,-84.388
DataBank,CA,Orange,2663.0,4260.0,,33.7175,-117.8311
DataBank,PA,Allegheny,2375.0,3800.0,,39.8283,-98.5795
DataBank,CA,San Diego,2414.0,3862.0,,32.7157,-117.1611
DataBank,CO,Arapahoe,2190.0,3504.0,,39.6433,-104.3005
DataBank,NJ,Middlesex,2033.0,3252.0,,40.4862,-74.4518
DataBank,VA,Fairfax,1688.0,2700.0,,38.8462,-77.3064
DataBank,CA,Santa Clara,1633.0,2612.0,,37.3541,-121.9552
DataBank,KS,Johnson,1500.0,2400.0,,39.8283,-98.5795
DataBank,KS,Johnson,1243.0,1989.0,,39.8283,-98.5795
DataBank,NJ,Essex,994.0,1590.0,,40.7834,-74.2299
DataBank,IL,Cook,1000.0,1600.0,,41.8781,-87.6298
DataBank,AZ,Maricopa,668.0,1068.0,,33.4484,-112.074
DataBank,CO,Jefferson,503.0,805.0,,39.8283,-98.5795
DataBank,MD,Baltimore City,500.0,800.0,,39.8283,-98.5795
DataBank,KS,Johnson,252.0,403.0,,39.8283,-98.5795
DataBank,OH,Cuyahoga,188.0,300.0,,39.8283,-98.5795
DataBank,CO,Denver,115.0,184.0,,39.7392,-104.9903
Databank CoreSite,CA,Los Angeles,967.0,1547.0,,34.0522,-118.2437
Datacate,CA,Sacramento,109.0,174.0,,38.5816,-121.4944
David Grant Medical Center,CA,Solano,1667.0,2667.0,,39.8283,-98.5795
DBT Data,VA,Rockingham,7500.0,12000.0,,39.8283,-98.5795
Deere & Company,IL,Rock Island,1838.0,2940.0,,39.8283,-98.5795
Denver Federal Center,CO,Denver,1000.0,1600.0,,39.7392,-104.9903
DEX,CA,Ventura,59.0,95.0,,39.8283,-98.5795
Digital Capital Partners,IL,Cook,1125.0,1800.0,,41.8781,-87.6298
Digital Crossroad,IN,Lake,9076.0,14522.0,,39.8283,-98.5795
Digital Realty,MA,Middlesex,,,not disclosed,42.4868,-71.3824
Digital Realty,VA,Loudoun,178963.0,286340.0,1 of 6 facilities,39.0438,-77.4874
Digital Realty,VA,Loudoun,178963.0,286340.0,1 of 6 facilities,39.0438,-77.4874
Digital Realty,VA,Loudoun,178963.0,286340.0,1 of 6 facilities,39.0438,-77.4874
Digital Realty,VA,Loudoun,178963.0,286340.0,1 of 6 facilities,39.0438,-77.4874
Digital Realty,VA,Loudoun,178963.0,286340.0,1 of 6 facilities,39.0438,-77.4874
Digital Realty,VA,Loudoun,178963.0,286340.0,1 of 6 facilities,39.0438,-77.4874
Digital Realty,VA,Prince William,107738.0,172380.0,1 of 3 facilities,38.7932,-77.4605
Digital Realty,VA,Prince William,107738.0,172380.0,1 of 3 facilities,38.7932,-77.4605
Digital Realty,VA,Prince William,107738.0,172380.0,1 of 3 facilities,38.7932,-77.4605
Digital Realty,VA,Loudoun,100620.0,160992.0,1 of 8 facilities,39.0438,-77.4874
Digital Realty,VA,Loudoun,100620.0,160992.0,1 of 8 facilities,39.0438,-77.4874
Digital Realty,VA,Loudoun,100620.0,160992.0,1 of 8 facilities,39.0438,-77.4874
Digital Realty,VA,Loudoun,100620.0,160992.0,1 of 8 facilities,39.0438,-77.4874
Digital Realty,VA,Loudoun,100620.0,160992.0,1 of 8 facilities,39.0438,-77.4874
Digital Realty,VA,Loudoun,100620.0,160992.0,1 of 8 facilities,39.0438,-77.4874
Digital Realty,VA,Loudoun,100620.0,160992.0,1 of 8 facilities,39.0438,-77.4874
Digital Realty,VA,Loudoun,100620.0,160992.0,1 of 8 facilities,39.0438,-77.4874
Digital Realty,VA,Loudoun,93313.0,149300.0,1 of 2 facilities,39.0438,-77.4874
Digital Realty,VA,Loudoun,93313.0,149300.0,1 of 2 facilities,39.0438,-77.4874
Digital Realty,VA,Loudoun,69794.0,111670.0,1 of 2 facilities,39.0438,-77.4874
Digital Realty,VA,Loudoun,69794.0,111670.0,1 of 2 facilities,39.0438,-77.4874
Digital Realty,OR,Washington,56999.0,91198.0,,45.5272,-122.936
Digital Realty,OR,Washington,56625.0,90600.0,,45.5272,-122.936
Digital Realty,IL,Cook,37188.0,59500.0,,41.8781,-87.6298
Digital Realty,IL,Cook,37188.0,59500.0,,41.8781,-87.6298
Digital Realty,CA,Santa Clara,27086.0,43338.0,,37.3541,-121.9552
Digital Realty,IL,Cook,21825.0,34920.0,,41.8781,-87.6298
Digital Realty,NJ,Passaic,18750.0,30000.0,,40.8587,-74.2282
Digital Realty,IL,Cook,16975.0,27160.0,,41.8781,-87.6298
Digital Realty,AZ,Maricopa,16877.0,27004.0,,33.4484,-112.074
Digital Realty,VA,Loudoun,16688.0,26700.0,,39.0438,-77.4874
Digital Realty,CA,San Francisco,12958.0,20733.0,,37.7749,-122.4194
Digital Realty,IL,Cook,12814.0,20502.0,,41.8781,-87.6298
Digital Realty,IL,Cook,12240.0,19584.0,,41.8781,-87.6298
Digital Realty,MA,Norfolk,12125.0,19400.0,,39.8283,-98.5795
Digital Realty,NJ,Passaic,11688.0,18700.0,1 of 2 facilities,40.8587,-74.2282
Digital Realty,NJ,Passaic,11688.0,18700.0,1 of 2 facilities,40.8587,-74.2282
Digital Realty,VA,Fairfax,9270.0,14832.0,,38.8462,-77.3064
Digital Realty,IL,Cook,7980.0,12768.0,,41.8781,-87.6298
Digital Realty,MA,Norfolk,7500.0,12000.0,,39.8283,-98.5795
Digital Realty,TX,Harris,7206.0,11530.0,,29.7604,-95.3698
Digital Realty,CA,Santa Clara,6787.0,10859.0,,37.3541,-121.9552
Digital Realty,VA,Prince William,6000.0,9600.0,,38.7932,-77.4605
Digital Realty,CA,San Francisco,5472.0,8754.0,,37.7749,-122.4194
Digital Realty,CA,Santa Clara,5510.0,8815.0,,37.3541,-121.9552
Digital Realty,VA,Fairfax,5275.0,8440.0,1 of 3 facilities,38.8462,-77.3064
Digital Realty,VA,Fairfax,5275.0,8440.0,1 of 3 facilities,38.8462,-77.3064
Digital Realty,VA,Fairfax,5275.0,8440.0,1 of 3 facilities,38.8462,-77.3064
Digital Realty,CA,Alameda,4691.0,7505.0,,37.7652,-122.2416
Digital Realty,NY,New York,4188.0,6700.0,,40.7128,-74.006
Digital Realty,OR,Washington,4000.0,6400.0,,45.5272,-122.936
Digital Realty,CA,Santa Clara,3636.0,5818.0,,37.3541,-121.9552
Digital Realty,CA,Santa Clara,3452.0,5524.0,,37.3541,-121.9552
Digital Realty,CA,Santa Clara,3336.0,5338.0,,37.3541,-121.9552
Digital Realty,CA,Santa Clara,3336.0,5338.0,,37.3541,-121.9552
Digital Realty,CA,Santa Clara,3185.0,5096.0,,37.3541,-121.9552
Digital Realty,NJ,Middlesex,2863.0,4580.0,,40.4862,-74.4518
Digital Realty,CA,Alameda,2243.0,3588.0,,37.7652,-122.2416
Digital Realty,NY,New York,2000.0,3200.0,,40.7128,-74.006
Digital Realty,MO,St. Louis,2000.0,3200.0,,39.8283,-98.5795
Digital Realty,CA,Los Angeles,1862.0,2980.0,,34.0522,-118.2437
Digital Realty,CA,Santa Clara,1818.0,2909.0,,37.3541,-121.9552
Digital Realty,CA,Los Angeles,1679.0,2686.0,,34.0522,-118.2437
Digital Realty,CA,Santa Clara,1634.0,2614.0,,37.3541,-121.9552
Digital Realty,IL,Cook,1000.0,1600.0,,41.8781,-87.6298
Digital Realty,VA,Fairfax,1000.0,1600.0,,38.8462,-77.3064
Digital Realty,MO,St. Louis,975.0,1560.0,,39.8283,-98.5795
Digital Realty,AZ,Maricopa,820.0,1312.0,,33.4484,-112.074
Digital Realty,NJ,Essex,228.0,364.0,,40.7834,-74.2299
Directlink Technologies,PA,Berks,1883.0,3012.0,,39.8283,-98.5795
Doxim,NE,Sarpy,75.0,120.0,,41.1175,-96.0422
DP Facilities,VA,Wise,3900.0,6240.0,,39.8283,-98.5795
DXC Technology,OK,Tusla,10151.0,16241.0,,39.8283,-98.5795
DXC Technology,TX,Travis,8359.0,13374.0,,30.2672,-97.7431
DXC Technology,GA,Fulton,7938.0,12700.0,,33.749,-84.388
DXC Technology,VA,Mecklenberg,7575.0,12120.0,,39.8283,-98.5795
DXC Technology,DE,New Castle,7019.0,11230.0,,39.8283,-98.5795
DXC Technology,NJ,Passaic,5000.0,8000.0,,40.8587,-74.2282
DXC Technology,OK,Tusla,4302.0,6883.0,,39.8283,-98.5795
DXC Technology,TX,Collin,4323.0,6917.0,,33.1972,-96.6397
DXC Technology,MI,Oakland,1809.0,2894.0,,39.8283,-98.5795
DXC Technology,VA,Fairfax,925.0,1480.0,,38.8462,-77.3064
DXC Technology,IL,Cook,563.0,900.0,,41.8781,-87.6298
eBay,UT,Salt Lake,19779.0,31646.0,,40.7608,-111.891
eBay,CA,Santa Clara,285.0,456.0,,37.3541,-121.9552
EContactLive Inc,CA,Stanislaus,177.0,282.0,,39.8283,-98.5795
EdgeConneX,LA,St. Tammany Parish,,,not disclosed,39.8283,-98.5795
EdgeConneX,IL,Cook,14750.0,23600.0,,41.8781,-87.6298
EdgeConneX,OR,Washington,11150.0,17840.0,,45.5272,-122.936
EdgeConneX,IL,Cook,7625.0,12200.0,,41.8781,-87.6298
EdgeConneX,OR,Washington,4125.0,6600.0,,45.5272,-122.936
EdgeConneX,FL,Miami-Dade,3500.0,5600.0,,39.8283,-98.5795
EdgeConneX,CA,Santa Clara,2117.0,3388.0,,37.3541,-121.9552
EdgeConneX,FL,Miami-Dade,750.0,1200.0,,39.8283,-98.5795
EdgeConneX,AZ,Maricopa,668.0,1069.0,,33.4484,-112.074
EdgeConneX,CA,Humboldt,568.0,909.0,,39.8283,-98.5795
EdgeConneX,CA,San Diego,334.0,534.0,,32.7157,-117.1611
EdgeConneX,NV,Clark,300.0,480.0,,36.1699,-115.1398
EdgeConneX,CA,Sacramento,167.0,267.0,,38.5816,-121.4944
EdgeCore,CA,Santa Clara,18944.0,30311.0,,37.3541,-121.9552
Edged Energy,GA,Fulton,64688.0,103500.0,,33.749,-84.388
Edged Energy,IL,DuPage,11318.0,18108.0,,41.85,-88.0834
Edged Energy,MO,Clay,1250.0,2000.0,,39.8283,-98.5795
Element Critical,CA,Santa Clara,3703.0,5924.0,,37.3541,-121.9552
Element Critical,IL,DuPage,1540.0,2464.0,,41.85,-88.0834
Element Critical,IL,DuPage,813.0,1300.0,,41.85,-88.0834
Enloe Medical Center,CA,Butte,55.0,88.0,,39.8283,-98.5795
Ensono,AZ,Maricopa,1055.0,1688.0,,33.4484,-112.074
Ensono,IL,DuPage,313.0,500.0,,41.85,-88.0834
Equinix,VA,Loudoun,72075.0,115320.0,1 of 6 facilities,39.0438,-77.4874
Equinix,VA,Loudoun,72075.0,115320.0,1 of 6 facilities,39.0438,-77.4874
Equinix,VA,Loudoun,72075.0,115320.0,1 of 6 facilities,39.0438,-77.4874
Equinix,VA,Loudoun,72075.0,115320.0,1 of 6 facilities,39.0438,-77.4874
Equinix,VA,Loudoun,72075.0,115320.0,1 of 6 facilities,39.0438,-77.4874
Equinix,VA,Loudoun,72075.0,115320.0,1 of 6 facilities,39.0438,-77.4874
Equinix,TX,Dallas,24725.0,39560.0,,32.7767,-96.797
Equinix,VA,Loudoun,23663.0,37860.0,1 of 5 facilities,39.0438,-77.4874
Equinix,VA,Loudoun,23663.0,37860.0,1 of 5 facilities,39.0438,-77.4874
Equinix,VA,Loudoun,23663.0,37860.0,1 of 5 facilities,39.0438,-77.4874
Equinix,VA,Loudoun,23663.0,37860.0,1 of 5 facilities,39.0438,-77.4874
Equinix,VA,Loudoun,23663.0,37860.0,1 of 5 facilities,39.0438,-77.4874
Equinix,VA,Loudoun,19663.0,31460.0,1 of 2 facilities,39.0438,-77.4874
Equinix,VA,Loudoun,19663.0,31460.0,1 of 2 facilities,39.0438,-77.4874
Equinix,NJ,Hudson,16188.0,25900.0,,40.7434,-74.0324
Equinix,VA,Culpeper,14875.0,23800.0,,39.8283,-98.5795
Equinix,IL,Cook,11875.0,19000.0,,41.8781,-87.6298
Equinix,IL,Cook,8500.0,13600.0,,41.8781,-87.6298
Equinix,NJ,Middlesex,7960.0,12736.0,,40.4862,-74.4518
Equinix,CA,Santa Clara,7277.0,11644.0,,37.3541,-121.9552
Equinix,CA,Los Angeles,5838.0,9341.0,,34.0522,-118.2437
Equinix,CA,Santa Clara,5772.0,9235.0,,37.3541,-121.9552
Equinix,CA,Santa Clara,5772.0,9235.0,,37.3541,-121.9552
Equinix,CA,Santa Clara,5483.0,8772.0,,37.3541,-121.9552
Equinix,NJ,Hudson,5000.0,8000.0,,40.7434,-74.0324
Equinix,CA,Santa Clara,4903.0,7844.0,,37.3541,-121.9552
Equinix,CA,Los Angeles,4703.0,7525.0,,34.0522,-118.2437
Equinix,NJ,Hudson,4500.0,7200.0,,40.7434,-74.0324
Equinix,CO,Arapahoe,4358.0,6973.0,,39.6433,-104.3005
Equinix,IL,Cook,4250.0,6800.0,,41.8781,-87.6298
Equinix,VA,Loudoun,4000.0,6400.0,,39.0438,-77.4874
Equinix,CA,Santa Clara,3830.0,6128.0,,37.3541,-121.9552
Equinix,GA,Fulton,3750.0,6000.0,,33.749,-84.388
Equinix,NJ,Hudson,3500.0,5600.0,,40.7434,-74.0324
Equinix,VA,Prince William,3500.0,5600.0,,38.7932,-77.4605
Equinix,VA,Loudoun,3500.0,5600.0,,39.0438,-77.4874
Equinix,CA,Los Angeles,3268.0,5229.0,,34.0522,-118.2437
Equinix,TX,Harris,3224.0,5158.0,,29.7604,-95.3698
Equinix,CA,Santa Clara,2736.0,4377.0,,37.3541,-121.9552
Equinix,CA,San Jose,2573.0,4116.0,,39.8283,-98.5795
Equinix,FL,Miami-Dade,2625.0,4200.0,,39.8283,-98.5795
Equinix,CA,Los Angeles,2037.0,3260.0,,34.0522,-118.2437
Equinix,CA,Los Angeles,1564.0,2502.0,,34.0522,-118.2437
Equinix,NJ,Essex,1563.0,2500.0,,40.7834,-74.2299
Equinix,CA,Santa Clara,1634.0,2614.0,,37.3541,-121.9552
Equinix,NJ,Middlesex,1463.0,2340.0,,40.4862,-74.4518
Equinix,CA,Santa Clara,1408.0,2253.0,,37.3541,-121.9552
Equinix,CA,Santa Clara,1239.0,1982.0,,37.3541,-121.9552
Equinix,CA,Santa Clara,833.0,1333.0,,37.3541,-121.9552
Equinix,NJ,Essex,750.0,1200.0,,40.7834,-74.2299
Equinix,CO,Arapahoe,689.0,1102.0,,39.6433,-104.3005
Equinix,FL,Miami-Dade,500.0,800.0,,39.8283,-98.5795
Equinix,VA,Fairfax,375.0,600.0,,38.8462,-77.3064
Equinix Verizon,CA,Santa Clara,1072.0,1716.0,,37.3541,-121.9552
Ernst & Young,NJ,Hudson,1500.0,2400.0,,40.7434,-74.0324
Evergeen Technologies,CO,Lincoln,1050.0,1680.0,,39.8283,-98.5795
Evergreen Management Company,CA,Placer,13.0,21.0,,39.8283,-98.5795
Evocative Data Centers,CA,Los Angeles,4924.0,7879.0,,34.0522,-118.2437
Evocative Data Centers,NJ,Hudson,2000.0,3200.0,,40.7434,-74.0324
Evocative Data Centers,CA,Santa Clara,1536.0,2458.0,,37.3541,-121.9552
Evocative Data Centers,MA,Middlesex,1500.0,2400.0,,42.4868,-71.3824
Evocative Data Centers,NY,New York,1000.0,1600.0,,40.7128,-74.006
Evocative Data Centers,CA,Santa Clara,529.0,846.0,,37.3541,-121.9552
Evocative Data Centers,CA,Alameda,273.0,437.0,,37.7652,-122.2416
Evocative Data Centers,CA,Los Angeles,168.0,268.0,,34.0522,-118.2437
Evocative Data Centers,CA,Santa Clara,127.0,203.0,,37.3541,-121.9552
Exempla Data Center,CO,Jefferson,500.0,800.0,,39.8283,-98.5795
Expedient,AZ,Maricopa,1242.0,1986.0,,33.4484,-112.074
Expedient,CO,Arapahoe,1033.0,1654.0,,39.6433,-104.3005
Expedient,MD,Baltimore,941.0,1506.0,,39.8283,-98.5795
Expedient,WI,Milwaukee,750.0,1200.0,,39.8283,-98.5795
Fairview Health Services,MN,Hennepin,1088.0,1741.0,,44.9778,-93.265
FedEx,CO,El Paso,4500.0,7200.0,,39.8283,-98.5795
Fiat Chrysler Automobiles,MI,Oakland,2120.0,3392.0,,39.8283,-98.5795
Fidelity,NE,Sarpy,2744.0,4391.0,,41.1175,-96.0422
FirstLight Fiber,ME,Cumberland,450.0,720.0,,39.8283,-98.5795
FirstLight Fiber,NH,Hillsborough,375.0,600.0,,39.8283,-98.5795
FirstLight Fiber,NH,Hillsborough,41.0,66.0,,39.8283,-98.5795
FIS Global,WI,Milwaukee,2313.0,3700.0,,39.8283,-98.5795
FIS Global,MN,Hennepin,504.0,807.0,,44.9778,-93.265
Fiserv,NE,Douglas,6789.0,10863.0,,41.2565,-95.9345
Fiserv,AZ,Maricopa,1643.0,2628.0,,33.4484,-112.074
Fiserv,DE,New Castle,445.0,712.0,,39.8283,-98.5795
Fiserv,CA,Los Angeles,227.0,364.0,,34.0522,-118.2437
Fiserv,NJ,Hudson,31.0,50.0,,40.7434,-74.0324
Flexential,OR,Washington,14625.0,23400.0,,45.5272,-122.936
Flexential,CO,Douglas,8120.0,12992.0,,39.8283,-98.5795
Flexential,OR,Washington,8125.0,13000.0,,45.5272,-122.936
Flexential,OR,Washington,5910.0,9456.0,1 of 2 facilities,45.5272,-122.936
Flexential,OR,Washington,5910.0,9456.0,1 of 2 facilities,45.5272,-122.936
Flexential,PA,Montgomery,4000.0,6400.0,,39.8283,-98.5795
Flexential,NV,Clark,3250.0,5200.0,,36.1699,-115.1398
Flexential,OR,Washington,2623.0,4196.0,,45.5272,-122.936
Flexential,TX,Collin,2424.0,3878.0,,33.1972,-96.6397
Flexential,AZ,Maricopa,1633.0,2612.0,,33.4484,-112.074
Flexential,VA,Henrico,1063.0,1700.0,,37.5407,-77.436
Flexential,UT,Salt Lake,875.0,1400.0,,40.7608,-111.891
Flexential,TN,Williamson,811.0,1298.0,,39.8283,-98.5795
Flexential,TN,Williamson,625.0,1000.0,,39.8283,-98.5795
Flexential,NV,Clark,500.0,800.0,,36.1699,-115.1398
Flexential,NV,Clark,500.0,800.0,,36.1699,-115.1398
Flexential,UT,Salt Lake,313.0,500.0,,40.7608,-111.891
Flexential,TN,Williamson,250.0,400.0,,39.8283,-98.5795
Foxconn,WI,Racine,241.0,385.0,,39.8283,-98.5795
Franklin Templeton,CA,San Joaquin,548.0,876.0,,39.8283,-98.5795
Fujitsu,CA,Santa Clara,723.0,1157.0,,37.3541,-121.9552
Gannett,VA,Fairfax,1000.0,1600.0,,38.8462,-77.3064
Gap Inc,CA,Placer,1078.0,1726.0,,39.8283,-98.5795
General Electric,MD,Montgomery,675.0,1080.0,,39.8283,-98.5795
George Washington University,VA,Loudoun,325.0,520.0,,39.0438,-77.4874
Global Federal Credit Union,AZ,Maricopa,476.0,762.0,,33.4484,-112.074
GoDaddy,AZ,Maricopa,5489.0,8782.0,,33.4484,-112.074
Google,GA,Douglas,,,not disclosed,33.7468,-84.7452
Google,NV,Storey,,,not disclosed,39.8283,-98.5795
Google,OH,Fairfield,,,not disclosed,39.8283,-98.5795
Google,OH,Franklin,,,not disclosed,39.9612,-82.9988
Google,OH,Licking,,,not disclosed,40.0581,-82.4013
Google,OR,Wasco,,,not disclosed,39.8283,-98.5795
Google,OR,Wasco,,,not disclosed,39.8283,-98.5795
Google,SC,Berkeley,,,not disclosed,39.8283,-98.5795
Google,TN,Montgomery,,,not disclosed,39.8283,-98.5795
Google,OR,Wasco,,,not disclosed,39.8283,-98.5795
Google,OK,Mayes,,,not disclosed,39.8283,-98.5795
Google,OK,Mayes,,,not disclosed,39.8283,-98.5795
Google,AL,Jackson,,,not disclosed,39.8283,-98.5795
Google,NE,Douglas,314975.0,503960.0,,41.2565,-95.9345
Google,NE,Sarpy,270974.0,433559.0,,41.1175,-96.0422
Google,AZ,Maricopa,137995.0,220792.0,,33.4484,-112.074
Google,TX,Ellis,133150.0,213040.0,,39.8283,-98.5795
Google,VA,Loudoun,97639.0,156222.0,,39.0438,-77.4874
Google,VA,Prince William,83952.0,134323.0,,38.7932,-77.4605
Google,NC,Caldwell,66550.0,106480.0,,39.8283,-98.5795
Google,VA,Loudoun,66537.0,106459.0,,39.0438,-77.4874
Google,IN,Allen,65765.0,105224.0,,39.8283,-98.5795
Google,IA,Pottawattamie,45145.0,72231.0,,41.2619,-95.8608
Google,TX,Ellis,42575.0,68120.0,,39.8283,-98.5795
Google,NV,Clark,40169.0,64270.0,,36.1699,-115.1398
Google,IA,Pottawattamie,21375.0,34200.0,,41.2619,-95.8608
Google,CA,Santa Barbara,1711.0,2738.0,,39.8283,-98.5795
Google,CA,Santa Clara,1605.0,2569.0,,37.3541,-121.9552
Google,CA,Santa Clara,1563.0,2501.0,,37.3541,-121.9552
Google,CO,Adams,1231.0,1969.0,,39.8747,-104.3339
Google,CA,Santa Clara,867.0,1387.0,,37.3541,-121.9552
Google,CA,Santa Clara,311.0,497.0,,37.3541,-121.9552
Google,CA,Santa Clara,227.0,364.0,,37.3541,-121.9552
Google,CA,Santa Clara,209.0,334.0,,37.3541,-121.9552
Google,CA,Alameda,243.0,389.0,,37.7652,-122.2416
Google,CA,San Mateo,199.0,319.0,,37.563,-122.3255
Google,CA,Santa Barbara,59.0,94.0,,39.8283,-98.5795
Google,CA,Santa Barbara,94.0,150.0,,39.8283,-98.5795
Google,CA,Santa Clara,112.0,179.0,,37.3541,-121.9552
Google,CA,Santa Clara,87.0,138.0,,37.3541,-121.9552
Google,CA,Santa Clara,60.0,97.0,,37.3541,-121.9552
Google,CA,Santa Clara,60.0,97.0,,37.3541,-121.9552
Google,CA,Santa Clara,168.0,268.0,,37.3541,-121.9552
Google,CA,San Francisco,102.0,163.0,,37.7749,-122.4194
Google,CA,Santa Clara,30.0,48.0,,37.3541,-121.9552
Google,CA,San Mateo,12.0,19.0,,37.563,-122.3255
Google,CA,Santa Clara,29.0,47.0,,37.3541,-121.9552
Gtech Corporation,WV,Kanawha,63.0,100.0,,39.8283,-98.5795
Gtech Corporation,WV,Kanawha,29.0,47.0,,39.8283,-98.5795
Guideware Software,CA,Santa Clara,40.0,64.0,,37.3541,-121.9552
H5 Data Centers,OR,Multnomah,,,not disclosed,39.8283,-98.5795
H5 Data Centers,VA,Loudoun,19500.0,31200.0,,39.0438,-77.4874
H5 Data Centers,WA,Grant,10125.0,16200.0,,47.2087,-119.4094
H5 Data Centers,PA,Philadelphia,3000.0,4800.0,,39.8283,-98.5795
H5 Data Centers,OH,Hamilton,2138.0,3420.0,,39.8283,-98.5795
H5 Data Centers,AZ,Maricopa,1391.0,2225.0,,33.4484,-112.074
H5 Data Centers,CA,San Luis Obispo,1350.0,2160.0,,39.8283,-98.5795
H5 Data Centers,OH,Cuyahoga,1063.0,1700.0,,39.8283,-98.5795
H5 Data Centers,MO,St. Louis,63.0,100.0,,39.8283,-98.5795
H5 Data Centers,MO,St. Louis,63.0,100.0,,39.8283,-98.5795
Health & Hospital Corporation of Marion County,IN,Marion,415.0,664.0,,39.8283,-98.5795
HealthPartners,MN,Dakota,,,not disclosed,39.8283,-98.5795
Hosting.com,CA,San Francisco,1615.0,2584.0,,37.7749,-122.4194
Indiana University Health,IN,Marion,1585.0,2536.0,,39.8283,-98.5795
Inova,VA,Loudoun,750.0,1200.0,,39.0438,-77.4874
Intuit,CA,Santa Clara,323.0,517.0,,37.3541,-121.9552
Iron Mountain,VA,Prince William,88306.0,141290.0,1 of 7 facilities,38.7932,-77.4605
Iron Mountain,VA,Prince William,88306.0,141290.0,1 of 7 facilities,38.7932,-77.4605
Iron Mountain,VA,Prince William,88306.0,141290.0,1 of 7 facilities,38.7932,-77.4605
Iron Mountain,VA,Prince William,88306.0,141290.0,1 of 7 facilities,38.7932,-77.4605
Iron Mountain,VA,Prince William,88306.0,141290.0,1 of 7 facilities,38.7932,-77.4605
Iron Mountain,VA,Prince William,88306.0,141290.0,1 of 7 facilities,38.7932,-77.4605
Iron Mountain,VA,Prince William,88306.0,141290.0,1 of 7 facilities,38.7932,-77.4605
Iron Mountain,AZ,Maricopa,28199.0,45118.0,,33.4484,-112.074
Iron Mountain,IL,Cook,19538.0,31260.0,,41.8781,-87.6298
Iron Mountain,NJ,Middlesex,10000.0,16000.0,,40.4862,-74.4518
Iron Mountain,AZ,Maricopa,4558.0,7293.0,,33.4484,-112.074
Iron Mountain,MO,Nodaway,938.0,1500.0,,39.8283,-98.5795
Iron Mountain,CO,Denver,531.0,849.0,,39.7392,-104.9903
Iron Mountain,NJ,Middlesex,264.0,422.0,,40.4862,-74.4518
Iron Mountain,PA,Butler,252.0,403.0,,39.8283,-98.5795
Iron Mountain,NJ,Hudson,150.0,240.0,,40.7434,-74.0324
Irvine Company,CA,Orange,280.0,448.0,,33.7175,-117.8311
Irvine Company,CA,San Diego,59.0,94.0,,32.7157,-117.1611
ITS,IA,Jones,115.0,184.0,,39.8283,-98.5795
Jamestown Concord Tech Building,CA,Contra Costa,2707.0,4332.0,,39.8283,-98.5795
JPMorgan Chase,NY,Rockland,,,not disclosed,39.8283,-98.5795
JPMorgan Chase,NY,Rockland,22851.0,36561.0,,39.8283,-98.5795
JPMorgan Chase,DE,New Castle,17467.0,27947.0,,39.8283,-98.5795
JPMorgan Chase,CO,Arapahoe,12112.0,19379.0,,39.6433,-104.3005
JPMorgan Chase,DE,New Castle,11488.0,18381.0,,39.8283,-98.5795
JPMorgan Chase,CO,Broomfield,10000.0,16000.0,,39.8283,-98.5795
JPMorgan Chase,DE,New Castle,5475.0,8760.0,,39.8283,-98.5795
JPPF 360 E Second LP,CA,Los Angeles,60.0,97.0,,34.0522,-118.2437
Kaiser Permanente,CA,Napa,5583.0,8933.0,,39.8283,-98.5795
Kaiser Permanente,CA,Alameda,1215.0,1943.0,,37.7652,-122.2416
Kaiser Permanente,CA,Contra Costa,701.0,1121.0,,39.8283,-98.5795
Kaiser Permanente,CA,San Francisco,223.0,356.0,,37.7749,-122.4194
Kyndryl,CO,Boulder,13868.0,22188.0,,39.8283,-98.5795
Kyndryl,NY,Orange,6640.0,10625.0,,39.8283,-98.5795
Kyndryl,NY,Orange,4375.0,7000.0,,39.8283,-98.5795
Kyndryl,OH,Franklin,3250.0,5200.0,,39.9612,-82.9988
Kyndryl,MO,St. Louis,3000.0,4800.0,,39.8283,-98.5795
Kyndryl,NY,Monroe,2551.0,4081.0,,39.8283,-98.5795
Kyndryl,NY,Westchester,1308.0,2092.0,,41.122,-73.7949
Kyndryl,AZ,Pima,286.0,457.0,,32.2217,-110.9265
Kyndryl,VA,Fairfax,125.0,200.0,,38.8462,-77.3064
Landmark Dividend,AZ,Maricopa,5247.0,8394.0,,33.4484,-112.074
Lanset America Corporation,CA,Sacramento,41.0,65.0,,38.5816,-121.4944
Lason a Lason Company,CA,San Francisco,437.0,700.0,,37.7749,-122.4194
Leidos,CO,Adams,1036.0,1658.0,,39.8747,-104.3339
Leidos,CO,Boulder,847.0,1356.0,,39.8283,-98.5795
Liberty Mutual,NH,Rockingham,3751.0,6002.0,,39.8283,-98.5795
LightEdge,CA,San Diego,1307.0,2090.0,,32.7157,-117.1611
LightEdge,CA,San Diego,675.0,1080.0,,32.7157,-117.1611
Lightpath,NJ,Somerset,,,not disclosed,39.8283,-98.5795
Lightpath,NJ,Middlesex,6875.0,11000.0,,40.4862,-74.4518
LinkedIn,CA,Santa Clara,195.0,312.0,,37.3541,-121.9552
LinkedIn,CA,Santa Barbara,112.0,179.0,,39.8283,-98.5795
Long Beach Data Center,CA,Los Angeles,212.0,338.0,,34.0522,-118.2437
Los Angeles County Internal Services Department,CA,Los Angeles,60.0,97.0,,34.0522,-118.2437
Los Angeles County Internal Services Department,CA,Los Angeles,93.0,149.0,,34.0522,-118.2437
Lumen Technologies,CA,Santa Clara,2006.0,3210.0,,37.3541,-121.9552
Lumen Technologies,CA,Alameda,1608.0,2574.0,,37.7652,-122.2416
Lumen Technologies,CA,Sacramento,1624.0,2599.0,,38.5816,-121.4944
Lumen Technologies,NJ,Essex,1613.0,2580.0,,40.7834,-74.2299
Lumen Technologies,NJ,Hudson,1500.0,2400.0,,40.7434,-74.0324
Lumen Technologies,VA,Fairfax,1400.0,2240.0,,38.8462,-77.3064
Lumen Technologies,NJ,Hudson,1288.0,2060.0,,40.7434,-74.0324
Lumen Technologies,CA,Santa Clara,1057.0,1692.0,,37.3541,-121.9552
Lumen Technologies,CO,Arapahoe,942.0,1508.0,,39.6433,-104.3005
Lumen Technologies,CA,Sacramento,526.0,842.0,,38.5816,-121.4944
Lumen Technologies,CA,Santa Barbara,536.0,858.0,,39.8283,-98.5795
Lumen Technologies,CA,Orange,411.0,658.0,,33.7175,-117.8311
Lumen Technologies,CA,Alameda,475.0,760.0,,37.7652,-122.2416
Lumen Technologies,CA,San Joaquin,405.0,648.0,,39.8283,-98.5795
Lumen Technologies,CO,Denver,438.0,701.0,,39.7392,-104.9903
Lumen Technologies,MD,Baltimore City,414.0,662.0,,39.8283,-98.5795
Lumen Technologies,CA,San Diego,500.0,800.0,,32.7157,-117.1611
Lumen Technologies,MO,St. Louis,500.0,800.0,,39.8283,-98.5795
Lumen Technologies,CA,San Luis Obispo,313.0,500.0,,39.8283,-98.5795
Lumen Technologies,CA,San Joaquin,278.0,444.0,,39.8283,-98.5795
Lumen Technologies,CA,San Joaquin,279.0,446.0,,39.8283,-98.5795
Lumen Technologies,CA,San Joaquin,230.0,367.0,,39.8283,-98.5795
Lumen Technologies,CA,San Diego,177.0,282.0,,32.7157,-117.1611
Lumen Technologies,CA,Santa Barbara,84.0,134.0,,39.8283,-98.5795
Lumen Technologies,CA,San Luis Obispo,63.0,100.0,,39.8283,-98.5795
Lumen Technologies,CA,Alameda,104.0,167.0,,37.7652,-122.2416
Lumen Technologies,CA,Contra Costa,50.0,80.0,,39.8283,-98.5795
Lumen Technologies,CA,San Luis Obispo,51.0,82.0,,39.8283,-98.5795
Lumen Technologies,CA,San Joaquin,38.0,60.0,,39.8283,-98.5795
Lumen Technologies,CA,Trinity,13.0,20.0,,39.8283,-98.5795
Lumen Technologies,CA,Nevada,13.0,20.0,,39.8283,-98.5795
Lunavi,WY,Laramie,1500.0,2400.0,,39.8283,-98.5795
Mapletree Industrial Trust,NC,Mecklenberg,1100.0,1760.0,,35.2271,-80.8431
Mapletree Industrial Trust,AZ,Maricopa,847.0,1355.0,,33.4484,-112.074
Markley Group,MA,Suffolk,7000.0,11200.0,,42.3601,-71.0589
MasterCard,MO,Platte,6503.0,10404.0,,39.8283,-98.5795
McKesson,CA,Sacramento,2267.0,3627.0,,38.5816,-121.4944
MDC Data Centers,CA,San Diego,114.0,182.0,,32.7157,-117.1611
Meta,NM,Valencia,,,not disclosed,39.8283,-98.5795
Meta,OR,Crook,,,not disclosed,39.8283,-98.5795
Meta,TN,Sumner,,,not disclosed,39.8283,-98.5795
Meta,TX,Bell,,,not disclosed,39.8283,-98.5795
Meta,AL,Madison,,,not disclosed,39.8283,-98.5795
Meta,AL,Madison,,,not disclosed,39.8283,-98.5795
Meta,MO,Jackson,,,not disclosed,39.8283,-98.5795
Meta,NE,Sarpy,496525.0,794440.0,,41.1175,-96.0422
Meta,TX,Tarrant,198490.0,317585.0,,32.7555,-97.3308
Meta,GA,Newton,182495.0,291993.0,,39.8283,-98.5795
Meta,IA,Polk,82000.0,131200.0,,41.5868,-93.625
Meta,VA,Henrico,68000.0,108800.0,,37.5407,-77.436
Meta,OH,Licking,58313.0,93300.0,,40.0581,-82.4013
Meta,TX,Tarrant,40500.0,64800.0,,32.7555,-97.3308
Meta,NC,Rutherford,40375.0,64600.0,,39.8283,-98.5795
Meta,UT,Utah,28131.0,45009.0,,39.8283,-98.5795
Meta,AZ,Maricopa,17429.0,27886.0,,33.4484,-112.074
Meta,IL,DeKalb,16592.0,26548.0,,39.8283,-98.5795
Meta,ID,Ada,6475.0,10361.0,,39.8283,-98.5795
Meta,IN,Clark,1493.0,2388.0,,39.8283,-98.5795
Meta,CA,San Francisco,818.0,1309.0,,37.7749,-122.4194
Meta,CA,San Mateo,558.0,893.0,,37.563,-122.3255
Meta,CA,Alameda,414.0,662.0,,37.7652,-122.2416
Meta,CA,Alameda,278.0,444.0,,37.7652,-122.2416
Meta,CA,Alameda,260.0,415.0,,37.7652,-122.2416
Meta,CA,San Mateo,70.0,112.0,,37.563,-122.3255
Meta,CA,San Mateo,60.0,97.0,,37.563,-122.3255
Meta,CA,San Mateo,142.0,227.0,,37.563,-122.3255
Meta,CA,San Mateo,167.0,268.0,,37.563,-122.3255
Meta,CA,Santa Clara,70.0,112.0,,37.3541,-121.9552
Meta,CA,Alameda,62.0,98.0,,37.7652,-122.2416
Meta,CA,Alameda,128.0,205.0,,37.7652,-122.2416
Micron Technology,CA,Santa Clara,953.0,1525.0,,37.3541,-121.9552
Microsoft,AZ,Maricopa,195563.0,312900.0,,33.4484,-112.074
Microsoft,TX,Bexar,109375.0,175000.0,,29.4241,-98.4936
Microsoft,VA,Mecklenberg,105875.0,169400.0,,39.8283,-98.5795
Microsoft,VA,Mecklenberg,103238.0,165180.0,,39.8283,-98.5795
Microsoft,VA,Mecklenberg,99513.0,159220.0,,39.8283,-98.5795
Microsoft,IA,Polk,85200.0,136320.0,,41.5868,-93.625
Microsoft,VA,Loudoun,78375.0,125400.0,,39.0438,-77.4874
Microsoft,WA,Grant,70313.0,112500.0,,47.2087,-119.4094
Microsoft,TX,Bexar,69050.0,110480.0,,29.4241,-98.4936
Microsoft,IA,Warren,65859.0,105375.0,,39.8283,-98.5795
Microsoft,WY,Laramie,52953.0,84725.0,,39.8283,-98.5795
Microsoft,VA,Mecklenberg,48597.0,77754.0,,39.8283,-98.5795
Microsoft,VA,Mecklenberg,48597.0,77754.0,,39.8283,-98.5795
Microsoft,VA,Mecklenberg,45375.0,72600.0,,39.8283,-98.5795
Microsoft,VA,Loudoun,43775.0,70040.0,,39.0438,-77.4874
Microsoft,TX,Medina,42950.0,68720.0,,39.8283,-98.5795
Microsoft,AZ,Maricopa,40273.0,64436.0,,33.4484,-112.074
Microsoft,MD,Anne Arundel,38488.0,61580.0,,39.8283,-98.5795
Microsoft,AZ,Maricopa,37893.0,60628.0,,33.4484,-112.074
Microsoft,IA,Dallas,32410.0,51856.0,,39.8283,-98.5795
Microsoft,VA,Mecklenberg,31250.0,50000.0,,39.8283,-98.5795
Microsoft,WI,Racine,29375.0,47000.0,,39.8283,-98.5795
Microsoft,TX,Bexar,28250.0,45200.0,,29.4241,-98.4936
Microsoft,WA,Grant,25000.0,40000.0,,47.2087,-119.4094
Microsoft,IL,Cook,22368.0,35788.0,,41.8781,-87.6298
Microsoft,IA,Dallas,21875.0,35000.0,,39.8283,-98.5795
Microsoft,TX,Bexar,21550.0,34480.0,,29.4241,-98.4936
Microsoft,IL,Cook,17947.0,28714.0,,41.8781,-87.6298
Microsoft,IL,Cook,16457.0,26332.0,,41.8781,-87.6298
Microsoft,IL,Cook,15750.0,25200.0,,41.8781,-87.6298
Microsoft,VA,Prince William,15729.0,25166.0,,38.7932,-77.4605
Microsoft,VA,Loudoun,15688.0,25100.0,,39.0438,-77.4874
Microsoft,VA,Prince William,15688.0,25100.0,,38.7932,-77.4605
Microsoft,GA,Douglas,15125.0,24200.0,,33.7468,-84.7452
Microsoft,GA,Fulton,15125.0,24200.0,,33.749,-84.388
Microsoft,GA,Fulton,15125.0,24200.0,,33.749,-84.388
Microsoft,NC,Catawba,15125.0,24200.0,,35.6918,-81.2151
Microsoft,VA,Mecklenberg,15125.0,24200.0,,39.8283,-98.5795
Microsoft,CA,Santa Clara,13702.0,21923.0,,37.3541,-121.9552
Microsoft,TX,Bexar,12500.0,20000.0,,29.4241,-98.4936
Microsoft,VA,Fauquier,9875.0,15800.0,,39.8283,-98.5795
Microsoft,TX,Bexar,9875.0,15800.0,,29.4241,-98.4936
Microsoft,TX,Bexar,5000.0,8000.0,,29.4241,-98.4936
Microsoft,CA,Santa Clara,37.0,60.0,,37.3541,-121.9552
Montgomery County Public Safety Headquarters,MD,Montgomery,520.0,832.0,,39.8283,-98.5795
Morgan Stanley,NJ,Somerset,1525.0,2440.0,,39.8283,-98.5795
Nautilus Data Technologies,CA,San Joaquin,3610.0,5776.0,,39.8283,-98.5795
Nautilus Data Technologies,CA,San Joaquin,1771.0,2834.0,,39.8283,-98.5795
Nestle,AZ,Maricopa,500.0,800.0,,33.4484,-112.074
NeuStar,VA,Loudoun,375.0,600.0,,39.0438,-77.4874
Newfold Digital,UT,Utah,1500.0,2400.0,,39.8283,-98.5795
Nissan,CO,Arapahoe,828.0,1324.0,,39.6433,-104.3005
NJFX,NJ,Monmouth,750.0,1200.0,,39.8283,-98.5795
Northeast Data,MA,Middlesex,500.0,800.0,,42.4868,-71.3824
Northern Trust,IL,Ogle,2000.0,3200.0,,39.8283,-98.5795
Northern Trust Securities,AZ,Maricopa,550.0,879.0,,33.4484,-112.074
Northland Management,ME,Cumberland,175.0,280.0,,39.8283,-98.5795
Northrop Grumman,VA,Fairfax,1138.0,1820.0,,38.8462,-77.3064
Northrop Grumman,VA,Fairfax,675.0,1080.0,,38.8462,-77.3064
Northrop Grumman,VA,Fairfax,625.0,1000.0,,38.8462,-77.3064
NOVVA Data Centers,UT,Salt Lake,17502.0,28003.0,,40.7608,-111.891
NTT,OR,Washington,72250.0,115600.0,,45.5272,-122.936
NTT,AZ,Maricopa,64169.0,102671.0,,33.4484,-112.074
NTT,VA,Loudoun,56000.0,89600.0,1 of 4 facilities,39.0438,-77.4874
NTT,VA,Loudoun,56000.0,89600.0,1 of 4 facilities,39.0438,-77.4874
NTT,VA,Loudoun,56000.0,89600.0,1 of 4 facilities,39.0438,-77.4874
NTT,VA,Loudoun,56000.0,89600.0,1 of 4 facilities,39.0438,-77.4874
NTT,TX,Dallas,48188.0,77100.0,,32.7767,-96.797
NTT,VA,Prince William,45875.0,73400.0,,38.7932,-77.4605
NTT,CA,Sacramento,29177.0,46683.0,,38.5816,-121.4944
NTT,WA,Grant,21000.0,33600.0,,47.2087,-119.4094
NTT,IL,DuPage,19875.0,31800.0,,41.85,-88.0834
NTT,VA,Loudoun,9500.0,15200.0,,39.0438,-77.4874
NTT,CA,Santa Clara,9003.0,14405.0,,37.3541,-121.9552
NTT,CA,Sacramento,7949.0,12718.0,,38.5816,-121.4944
NTT,VA,Loudoun,7313.0,11700.0,,39.0438,-77.4874
NYI,IL,DuPage,313.0,500.0,,41.85,-88.0834
One Data Center America,CA,San Bernardino,273.0,437.0,,39.8283,-98.5795
Oracle,MO,Clay,4937.0,7900.0,,39.8283,-98.5795
Oracle,MO,Clay,3819.0,6111.0,,39.8283,-98.5795
Oracle,CO,Jefferson,2075.0,3320.0,,39.8283,-98.5795
Oracle,CO,Denver,1313.0,2100.0,1 of 2 facilities,39.7392,-104.9903
Oracle,CO,Denver,1313.0,2100.0,1 of 2 facilities,39.7392,-104.9903
Oracle,VA,Fairfax,440.0,704.0,1 of 2 facilities,38.8462,-77.3064
Oracle,VA,Fairfax,440.0,704.0,1 of 2 facilities,38.8462,-77.3064
Oracle,MO,Jackson,188.0,300.0,,39.8283,-98.5795
Oracle,CA,Placer,141.0,225.0,,39.8283,-98.5795
OVHcloud,VA,Fauquier,4500.0,7200.0,,39.8283,-98.5795
OVHcloud,OR,Washington,2000.0,3200.0,,45.5272,-122.936
Pacific Bell,CA,Solano,5260.0,8416.0,,39.8283,-98.5795
Pacific Bell,CA,Contra Costa,270.0,432.0,,39.8283,-98.5795
PC Solutions,CA,Fresno,25.0,39.0,,39.8283,-98.5795
Philcade,OK,Tulsa,50.0,80.0,,39.8283,-98.5795
phoenixNAP,AZ,Maricopa,3391.0,5426.0,,33.4484,-112.074
PointOne,VA,Fauquier,14910.0,23856.0,,39.8283,-98.5795
PointOne,VA,Virginia Beach,3106.0,4970.0,,39.8283,-98.5795
PowerHouse,NV,Washoe,,,not disclosed,39.8283,-98.5795
PowerHouse,VA,Loudoun,4430.0,7089.0,,39.0438,-77.4874
Prime Data Centers,CA,Sacramento,4197.0,6715.0,,38.5816,-121.4944
Prime Data Centers,CA,Los Angeles,1903.0,3044.0,,34.0522,-118.2437
Prime Data Centers,CA,Sacramento,825.0,1319.0,,38.5816,-121.4944
PSCU Financial Services,AZ,Maricopa,405.0,648.0,,33.4484,-112.074
QTS,OH,Franklin,,,not disclosed,39.9612,-82.9988
QTS,AZ,Maricopa,413470.0,661552.0,,33.4484,-112.074
QTS,VA,Henrico,324100.0,518560.0,,37.5407,-77.436
QTS,GA,Fulton,132238.0,211580.0,,33.749,-84.388
QTS,GA,Fayette,128125.0,205000.0,,39.8283,-98.5795
QTS,AZ,Maricopa,108300.0,173280.0,,33.4484,-112.074
QTS,OR,Washington,94924.0,151878.0,,45.5272,-122.936
QTS,TX,Dallas,72500.0,116000.0,,32.7767,-96.797
QTS,VA,Prince William,71696.0,114713.0,1 of 6 facilities,38.7932,-77.4605
QTS,VA,Prince William,71696.0,114713.0,1 of 6 facilities,38.7932,-77.4605
QTS,VA,Prince William,71696.0,114713.0,1 of 6 facilities,38.7932,-77.4605
QTS,VA,Prince William,71696.0,114713.0,1 of 6 facilities,38.7932,-77.4605
QTS,VA,Prince William,71696.0,114713.0,1 of 6 facilities,38.7932,-77.4605
QTS,VA,Prince William,71696.0,114713.0,1 of 6 facilities,38.7932,-77.4605
QTS,FL,Miami-Dade,54900.0,87840.0,,39.8283,-98.5795
QTS,VA,Loudoun,40625.0,65000.0,1 of 2 facilities,39.0438,-77.4874
QTS,VA,Loudoun,40625.0,65000.0,1 of 2 facilities,39.0438,-77.4874
QTS,VA,Loudoun,36039.0,57662.0,1 of 2 facilities,39.0438,-77.4874
QTS,VA,Loudoun,36039.0,57662.0,1 of 2 facilities,39.0438,-77.4874
QTS,IL,Cook,34375.0,55000.0,,41.8781,-87.6298
QTS,CO,Arapahoe,27000.0,43200.0,,39.6433,-104.3005
QTS,TX,Bexar,23000.0,36800.0,,29.4241,-98.4936
QTS,NJ,Middlesex,21250.0,34000.0,,40.4862,-74.4518
QTS,GA,Gwinnett,14860.0,23776.0,,39.8283,-98.5795
QTS,VA,Loudoun,14388.0,23020.0,,39.0438,-77.4874
QTS,GA,Gwinnett,10813.0,17300.0,,39.8283,-98.5795
QTS,TX,Denton,7500.0,12000.0,,39.8283,-98.5795
QTS,CA,Santa Clara,5032.0,8052.0,,37.3541,-121.9552
QTS,VA,Loudoun,5000.0,8000.0,,39.0438,-77.4874
QTS,NJ,Mercer,3438.0,5500.0,,39.8283,-98.5795
QTS,VA,Loudoun,2875.0,4600.0,,39.0438,-77.4874
QTS,NJ,Hudson,938.0,1500.0,,40.7434,-74.0324
QTS,CA,Sacramento,536.0,858.0,,38.5816,-121.4944
QTS,KS,Johnson,149.0,239.0,,39.8283,-98.5795
Quest,CA,Placer,823.0,1316.0,,39.8283,-98.5795
Quinby Wilshire LLC,CA,Los Angeles,141.0,225.0,,34.0522,-118.2437
Rackspace,TX,Tarrant,,,not disclosed,32.7555,-97.3308
Rackspace,CA,Santa Clara,2601.0,4161.0,,37.3541,-121.9552
Rackspace,NJ,Somerset,2000.0,3200.0,,39.8283,-98.5795
Rackspace,NJ,Somerset,1369.0,2190.0,,39.8283,-98.5795
Regulus Cyber,CA,Napa,199.0,319.0,,39.8283,-98.5795
Reliance Industries,OK,Kingfisher,56.0,90.0,,39.8283,-98.5795
Retail Finance International Holdings,OH,Montgomery,188.0,300.0,,39.8283,-98.5795
RiCloud,CA,Santa Clara,2474.0,3958.0,,37.3541,-121.9552
Rosegate LLC,CA,Los Angeles,141.0,225.0,,34.0522,-118.2437
Sabey Data Centers,WA,Grant,52525.0,84040.0,,47.2087,-119.4094
Sabey Data Centers,VA,Loudoun,28173.0,45076.0,,39.0438,-77.4874
Sabey Data Centers,WA,Douglas,13900.0,22240.0,,39.8283,-98.5795
Sabey Data Centers,TX,Williamson,3825.0,6120.0,,39.8283,-98.5795
Sabey Data Centers,WA,Douglas,1875.0,3000.0,,39.8283,-98.5795
Salesforce,CA,San Francisco,611.0,978.0,,37.7749,-122.4194
Salesforce,CA,San Francisco,339.0,542.0,,37.7749,-122.4194
Sansone Group,MD,Montgomery,6438.0,10300.0,,39.8283,-98.5795
ScaleMatrix,CA,San Diego,1875.0,3000.0,,32.7157,-117.1611
Seaboard Marine,TX,Gaines,200.0,319.0,,39.8283,-98.5795
Secured Network Services,NH,Grafton,125.0,200.0,,39.8283,-98.5795
Sentara Healthcare,VA,Virginia Beach,1873.0,2997.0,,39.8283,-98.5795
Sentinel Data Centers,VA,Loudoun,16500.0,26400.0,,39.0438,-77.4874
Serverfarm,TX,Harris,18100.0,28959.0,,29.7604,-95.3698
Serverfarm,IL,Cook,12125.0,19400.0,,41.8781,-87.6298
Serverfarm,WA,Grant,6875.0,11000.0,,47.2087,-119.4094
Serverfarm,TX,Travis,3500.0,5600.0,,30.2672,-97.7431
Showers Development LLC,OR,Washington,5593.0,8948.0,,45.5272,-122.936
SIAA,MD,Prince George's,325.0,520.0,,39.8283,-98.5795
Sidus Group,CO,Denver,843.0,1349.0,,39.7392,-104.9903
Six/Ten,FL,Polk,1195.0,1912.0,,39.8283,-98.5795
Skybox,TX,Williamson,48450.0,77520.0,,39.8283,-98.5795
Skybox,TX,Travis,27200.0,43520.0,,30.2672,-97.7431
Skybox,IL,Cook,22500.0,36000.0,,41.8781,-87.6298
Slater Land Inc,CA,Butte,67.0,107.0,,39.8283,-98.5795
Slater Land Inc,CA,Butte,60.0,97.0,,39.8283,-98.5795
Slater Land Inc,CA,Butte,46.0,73.0,,39.8283,-98.5795
Slater Land Inc,CA,Butte,56.0,90.0,,39.8283,-98.5795
Smithsonian Institution,VA,Fairfax,678.0,1085.0,,38.8462,-77.3064
SMS Datacenter,CA,Orange,456.0,730.0,,33.7175,-117.8311
SOMO village,CA,Sonoma,184.0,295.0,,39.8283,-98.5795
Spectrum,CO,Arapahoe,3825.0,6120.0,,39.6433,-104.3005
Spectrum,CA,Stanislaus,71.0,113.0,,39.8283,-98.5795
Springfield Technology Park,MA,Hampden,100.0,160.0,,39.8283,-98.5795
Square,CA,San Francisco,262.0,419.0,,37.7749,-122.4194
SRI Ten 706 Wilshire LLC,CA,Los Angeles,979.0,1566.0,,34.0522,-118.2437
Stack Infrastructure,AZ,Maricopa,216688.0,346700.0,,33.4484,-112.074
Stack Infrastructure,OR,Washington,45625.0,73000.0,,45.5272,-122.936
Stack Infrastructure,VA,Prince William,32063.0,51300.0,,38.7932,-77.4605
Stack Infrastructure,VA,Loudoun,31900.0,51040.0,1 of 2 facilities,39.0438,-77.4874
Stack Infrastructure,VA,Loudoun,31900.0,51040.0,1 of 2 facilities,39.0438,-77.4874
Stack Infrastructure,CA,Santa Clara,22563.0,36100.0,,37.3541,-121.9552
Stack Infrastructure,IL,Cook,18234.0,29174.0,,41.8781,-87.6298
Stack Infrastructure,VA,Prince William,15985.0,25575.0,,38.7932,-77.4605
Stack Infrastructure,TX,Collin,11463.0,18340.0,,33.1972,-96.6397
Stack Infrastructure,VA,Loudoun,9188.0,14700.0,,39.0438,-77.4874
Stack Infrastructure,OR,Washington,7875.0,12600.0,,45.5272,-122.936
Stack Infrastructure,TX,Collin,3375.0,5400.0,,33.1972,-96.6397
Stack Infrastructure,GA,Fulton,3188.0,5100.0,,33.749,-84.388
Stack Infrastructure,OR,Washington,3188.0,5100.0,,45.5272,-122.936
Stanford University Data Center,CA,San Mateo,1372.0,2195.0,,37.563,-122.3255
State Farm,KS,Johnson,5837.0,9340.0,,39.8283,-98.5795
Stonepeak Infrastructure Partners,CO,Boulder,884.0,1414.0,,39.8283,-98.5795
Stonepeak Infrastructure Partners,CA,San Luis Obispo,75.0,120.0,,39.8283,-98.5795
Stratacache,OH,Montgomery,1200.0,1920.0,,39.8283,-98.5795
Stream Data Centers,AZ,Maricopa,178523.0,285637.0,,33.4484,-112.074
Stream Data Centers,TX,Dallas,21313.0,34100.0,,32.7767,-96.797
Stream Data Centers,IL,Cook,15000.0,24000.0,,41.8781,-87.6298
Stream Data Centers,IL,Cook,7000.0,11200.0,,41.8781,-87.6298
Stream Data Centers,TX,Dallas,3750.0,6000.0,,32.7767,-96.797
SunGard BiTech,CA,Butte,98.0,156.0,,39.8283,-98.5795
Susquehanna International Group,PA,Montgomery,1500.0,2400.0,,39.8283,-98.5795
Sutter Health,CA,Sacramento,1626.0,2601.0,,38.5816,-121.4944
Switch,NV,Washoe,,,not disclosed,39.8283,-98.5795
Switch,MI,Kent,24660.0,39456.0,,39.8283,-98.5795
Switch,GA,Douglas,625.0,1000.0,,33.7468,-84.7452
T-Mobile,WA,Douglas,,,not disclosed,39.8283,-98.5795
T-Mobile,CA,Sacramento,74.0,118.0,,38.5816,-121.4944
T5 Data Centers,CA,Alameda,8714.0,13942.0,,37.7652,-122.2416
T5 Data Centers,GA,Douglas,8125.0,13000.0,,33.7468,-84.7452
T5 Data Centers,IL,Cook,8125.0,13000.0,,41.8781,-87.6298
T5 Data Centers,MN,Hennepin,3375.0,5400.0,,44.9778,-93.265
T5 Data Centers,NY,Westchester,2413.0,3860.0,,41.122,-73.7949
Target,MN,Hennepin,4699.0,7518.0,,44.9778,-93.265
Target,MN,Sherburne,4297.0,6875.0,,39.8283,-98.5795
Tata Communications,NJ,Monmouth,1500.0,2400.0,,39.8283,-98.5795
TD Bank,NJ,Burlington,938.0,1500.0,,39.8283,-98.5795
TD Bank,NJ,Burlington,450.0,720.0,,39.8283,-98.5795
TD Bank,NJ,Burlington,25.0,40.0,,39.8283,-98.5795
Tech Corners,CA,Santa Clara,224.0,358.0,,37.3541,-121.9552
Telecom Center LA LLC,CA,Los Angeles,70.0,112.0,,34.0522,-118.2437
Telehouse America,NY,Richmond,1750.0,2800.0,,39.8283,-98.5795
Telehouse America,NY,New York,1000.0,1600.0,,40.7128,-74.006
Telehouse America,CA,Los Angeles,200.0,320.0,,34.0522,-118.2437
Teleplan International,CA,Placer,32.0,51.0,,39.8283,-98.5795
TGS,CA,Orange,872.0,1396.0,,33.7175,-117.8311
The 3250 Wilshire Blvd Partners,CA,Los Angeles,43.0,69.0,,34.0522,-118.2437
The Aerospace Corporation,VA,Fairfax,,,not disclosed,38.8462,-77.3064
The Meridian Group,VA,Fairfax,2149.0,3438.0,,38.8462,-77.3064
The Swig Company,CA,San Francisco,774.0,1239.0,,37.7749,-122.4194
The Vanguard Group,PA,Philadelphia,1745.0,2792.0,,39.8283,-98.5795
TierPoint,IL,Cook,,,not disclosed,41.8781,-87.6298
TierPoint,PA,Montgomery,4500.0,7200.0,,39.8283,-98.5795
TierPoint,PA,Lehigh,4358.0,6973.0,,39.8283,-98.5795
TierPoint,WA,Spokane,2875.0,4600.0,,39.8283,-98.5795
TierPoint,NY,Westchester,1938.0,3100.0,,41.122,-73.7949
TierPoint,OK,Oklahoma,1840.0,2944.0,,39.8283,-98.5795
TierPoint,MA,Middlesex,1688.0,2700.0,,42.4868,-71.3824
TierPoint,NC,Mecklenberg,1625.0,2600.0,,35.2271,-80.8431
TierPoint,NE,Sarpy,1463.0,2340.0,,41.1175,-96.0422
TierPoint,WA,Spokane,1297.0,2075.0,,39.8283,-98.5795
TierPoint,NE,Sarpy,1188.0,1900.0,,41.1175,-96.0422
TierPoint,PA,Northampton,1090.0,1744.0,,39.8283,-98.5795
TierPoint,TN,Williamson,1089.0,1743.0,,39.8283,-98.5795
TierPoint,NY,Westchester,1000.0,1600.0,,41.122,-73.7949
TierPoint,MA,Suffolk,1000.0,1600.0,,42.3601,-71.0589
TierPoint,PA,Philadelphia,868.0,1388.0,,39.8283,-98.5795
TierPoint,MD,Anne Arundel,625.0,1000.0,,39.8283,-98.5795
TierPoint,MD,Baltimore City,500.0,800.0,,39.8283,-98.5795
TierPoint,PA,Northampton,439.0,702.0,,39.8283,-98.5795
Tonaquint Data Centers,OK,Oklahoma,1710.0,2736.0,,39.8283,-98.5795
Tonaquint Data Centers,UT,Washington,1000.0,1600.0,,39.8283,-98.5795
Toyama Group,CA,Santa Clara,1579.0,2527.0,,37.3541,-121.9552
TPx,CA,Orange,1067.0,1707.0,,33.7175,-117.8311
Travelers Indemnity Company,GA,Gwinnett,1875.0,3000.0,,39.8283,-98.5795
Travelers Indemnity Company,NE,Douglas,501.0,802.0,,41.2565,-95.9345
Tri Counties Bank,CA,Butte,96.0,154.0,,39.8283,-98.5795
Tri Counties Bank,CA,Butte,25.0,40.0,,39.8283,-98.5795
Unisys,VA,Fairfax,313.0,500.0,,38.8462,-77.3064
United Airlines,IL,Cook,1250.0,2000.0,,41.8781,-87.6298
United Health Group,MN,Sherburne,,,not disclosed,39.8283,-98.5795
United Parcel Service,GA,Fulton,2400.0,3840.0,,33.749,-84.388
United Shore Financial Services,MI,Oakland,1883.0,3013.0,,39.8283,-98.5795
University of California,CA,Santa Barbara,144.0,230.0,,39.8283,-98.5795
University of Maryland Medical System,MD,Howard,557.0,891.0,,39.8283,-98.5795
University of Minnesota - Minnesota Supercomputing Institute,MN,Hennepin,,,not disclosed,44.9778,-93.265
unWired Broadband,CA,San Joaquin,94.0,150.0,,39.8283,-98.5795
US Customs and Border Protection,VA,Fairfax,1900.0,3040.0,,38.8462,-77.3064
US Department of Defense,CA,Monterey,3388.0,5420.0,,39.8283,-98.5795
US Earth Resources Observation and Science Center,SD,Minnehaha,912.0,1460.0,,39.8283,-98.5795
US Federal Bureau of Investigation,VA,Fairfax,750.0,1200.0,,38.8462,-77.3064
US Federal Home Loan Mortgage Corporation,VA,Fairfax,3101.0,4961.0,,38.8462,-77.3064
US Federal Home Loan Mortgage Corporation,VA,Fairfax,2000.0,3200.0,,38.8462,-77.3064
US Federal National Mortgage Association,MD,Frederick,3765.0,6024.0,,39.8283,-98.5795
US Federal National Mortgage Association,VA,Fairfax,519.0,830.0,,38.8462,-77.3064
US General Services Administration,CO,Jefferson,2237.0,3579.0,,39.8283,-98.5795
US National Aeronautics and Space Administration,MS,Hancock,5438.0,8700.0,,39.8283,-98.5795
US National Counterterrorism Center,VA,Fairfax,500.0,800.0,,38.8462,-77.3064
US National Oceanic and Atmospheric Association,VA,Accomack,1000.0,1600.0,,39.8283,-98.5795
US National Reconnaissance Office,VA,Fairfax,10139.0,16222.0,,38.8462,-77.3064
US National Security Agency,UT,Utah,45050.0,72080.0,,39.8283,-98.5795
US Navy,CA,Monterey,525.0,840.0,,39.8283,-98.5795
US Navy,CA,Monterey,9.0,14.0,,39.8283,-98.5795
US Postal Service,CA,San Mateo,2603.0,4164.0,,37.563,-122.3255
US Signal,CO,Arapahoe,1119.0,1790.0,,39.6433,-104.3005
Vantage Data Centers,AZ,Maricopa,91200.0,145919.0,,33.4484,-112.074
Vantage Data Centers,VA,Loudoun,83438.0,133500.0,,39.0438,-77.4874
Vantage Data Centers,VA,Loudoun,68063.0,108900.0,,39.0438,-77.4874
Vantage Data Centers,WA,Grant,41125.0,65800.0,,47.2087,-119.4094
Vantage Data Centers,CA,Santa Clara,33210.0,53136.0,,37.3541,-121.9552
Vantage Data Centers,TX,Bexar,24830.0,39727.0,,29.4241,-98.4936
Vantage Data Centers,CA,Santa Clara,23701.0,37921.0,,37.3541,-121.9552
Vantage Data Centers,TX,Bexar,16553.0,26485.0,,29.4241,-98.4936
Vantage Data Centers,VA,Loudoun,15125.0,24200.0,,39.0438,-77.4874
Vantage Data Centers,VA,Loudoun,12793.0,20468.0,,39.0438,-77.4874
Verint,CA,Santa Clara,141.0,225.0,,37.3541,-121.9552
VeriSign,VA,Loudoun,2000.0,3200.0,,39.0438,-77.4874
Verizon,CO,El Paso,7500.0,12000.0,,39.8283,-98.5795
Verizon,VA,Prince William,6000.0,9600.0,,38.7932,-77.4605
Verizon,FL,Hillsborough,5059.0,8094.0,,39.8283,-98.5795
Verizon,CA,San Bernardino,3828.0,6124.0,,39.8283,-98.5795
Verizon,VA,Loudoun,3500.0,5600.0,,39.0438,-77.4874
Verizon,FL,Miami-Dade,2000.0,3200.0,,39.8283,-98.5795
Verizon,NJ,Essex,1888.0,3020.0,,40.7834,-74.2299
Verizon,CA,Alameda,953.0,1525.0,,37.7652,-122.2416
Verizon,VA,Fairfax,875.0,1400.0,,38.8462,-77.3064
Verizon,CA,Alameda,820.0,1311.0,,37.7652,-122.2416
Verizon,CA,San Bernardino,548.0,876.0,,39.8283,-98.5795
Verizon,CA,Los Angeles,410.0,656.0,,34.0522,-118.2437
Verizon,MD,Prince George's,500.0,800.0,,39.8283,-98.5795
Verizon,MA,Middlesex,375.0,600.0,,42.4868,-71.3824
Verizon,CA,Los Angeles,269.0,430.0,,34.0522,-118.2437
Verizon,DC,District of Columbia,275.0,440.0,,39.8283,-98.5795
Verizon,MD,Baltimore City,188.0,300.0,,39.8283,-98.5795
Verizon,MO,St. Louis,250.0,400.0,,39.8283,-98.5795
Verizon,NJ,Middlesex,188.0,300.0,,40.4862,-74.4518
Verizon,NJ,Hudson,188.0,300.0,,40.7434,-74.0324
Verizon,NE,Douglas,88.0,140.0,,41.2565,-95.9345
Verizon,NM,Bernalillo,100.0,159.0,,39.8283,-98.5795
Verizon,CA,Del Norte,15.0,24.0,,39.8283,-98.5795
Visa,VA,Loudoun,11525.0,18440.0,,39.0438,-77.4874
Visa,CO,Douglas,509.0,814.0,,39.8283,-98.5795
Walmart,CO,El Paso,8130.0,13007.0,,39.8283,-98.5795
Walmart,AR,Benton,6442.0,10307.0,,39.8283,-98.5795
Walmart,MO,McDonald,2900.0,4640.0,,39.8283,-98.5795
Williams Communications,CA,Orange,129.0,207.0,,33.7175,-117.8311
Williams Sonoma,CA,Placer,356.0,569.0,,39.8283,-98.5795
Workday,CA,Alameda,60.0,96.0,,37.7652,-122.2416
Woverine Trading,IL,DuPage,548.0,876.0,,41.85,-88.0834
WW Grainger,IL,Lake,1875.0,3000.0,,39.8283,-98.5795
X Energy Corporation,TX,Ward,14720.0,23552.0,,39.8283,-98.5795
Yahoo,NY,Niagara,15059.0,24095.0,,39.8283,-98.5795
Yahoo,WA,Grant,13875.0,22200.0,,47.2087,-119.4094
Yardi Systems,CA,Santa Barbara,140.0,223.0,,39.8283,-98.5795
Yondr,VA,Loudoun,45000.0,72000.0,,39.0438,-77.4874
